Game,Items,Price,Time(GMT+8),Status
"csgo,""=HYPERLINK(""""https://buff.163.com/goods/762843?appid=730&game=csgo&classid=3090291107&instanceid=1363818004&assetid=38109614107&contextid=2"""", """"Sticker | Distinguished Master Guardian"""")"",¥ 0.38,2024-06-01 20:22:49,Success"
"csgo,""=HYPERLINK(""""https://buff.163.com/goods/903877?appid=730&game=csgo&classid=4966008779&instanceid=188530139&assetid=38108911429&contextid=2"""", """"Sticker | Ten Years (Foil)"""")"",¥ 2.94,2024-06-01 20:00:34,Success"
"csgo,""=HYPERLINK(""""https://buff.163.com/goods/911708?appid=730&game=csgo&classid=5948971270&instanceid=1363818004&assetid=38100671680&contextid=2"""", """"Sticker | TACO (Glitter) | Rio 2022"""")"",¥ 0.64,2024-06-01 02:24:42,Success"
"csgo,""=HYPERLINK(""""https://buff.163.com/goods/928328?appid=730&game=csgo&classid=5968227515&instanceid=188530139&assetid=38090981173&contextid=2"""", """"Sticker | The MongolZ (Holo) | Paris 2023"""")"",¥ 1.71,2024-05-31 19:17:14,Success"
"csgo,""=HYPERLINK(""""https://buff.163.com/goods/835687?appid=730&game=csgo&classid=4141780207&instanceid=519977179&assetid=38090984934&contextid=2"""", """"'Blueberries' Buckshot | NSWC SEAL"""")"",¥ 46.1,2024-05-31 19:16:29,Success"
"csgo,""=HYPERLINK(""""https://buff.163.com/goods/835601?appid=730&game=csgo&classid=4141779992&instanceid=188530139&assetid=38091764893&contextid=2"""", """"Dual Berettas | Dezastre (Minimal Wear)"""")"",¥ 25.24,2024-05-31 19:11:27,Success"
"csgo,""=HYPERLINK(""""https://buff.163.com/goods/871495?appid=730&game=csgo&classid=5968636418&instanceid=480085569&assetid=38090917944&contextid=2"""", """"MP9 | Mount Fuji (Minimal Wear)"""")"",¥ 39.99,2024-05-31 19:11:09,Success"
"csgo,""=HYPERLINK(""""https://buff.163.com/goods/35183?appid=730&game=csgo&classid=4604755925&instanceid=5836325745&assetid=37353386803&contextid=2"""", """"M4A1-S | Bright Water (Minimal Wear)"""")"",¥ 203,2024-04-28 09:28:29,Success"
"csgo,""=HYPERLINK(""""https://buff.163.com/goods/33960?appid=730&game=csgo&classid=2589698194&instanceid=5852565410&assetid=37352401489&contextid=2"""", """"AK-47 | Redline (Field-Tested)"""")"",¥ 195,2024-04-28 09:21:30,Success"
"csgo,""=HYPERLINK(""""https://buff.163.com/goods/876013?appid=730&game=csgo&classid=4614639238&instanceid=188530139&assetid=37069731665&contextid=2"""", """"Sticker | Tyloo | Stockholm 2021"""")"",¥ 3.1,2024-04-15 20:27:12,Success"
"csgo,""=HYPERLINK(""""https://buff.163.com/goods/762162?appid=730&game=csgo&classid=5864299890&instanceid=302028390&assetid=37061962325&contextid=2"""", """"USP-S | Check Engine (Factory New)"""")"",¥ 8.39,2024-04-15 07:44:27,Success"
"csgo,""=HYPERLINK(""""https://buff.163.com/goods/771956?appid=730&game=csgo&classid=5838755390&instanceid=1363818004&assetid=36992043980&contextid=2"""", """"Sticker | FalleN | Berlin 2019"""")"",¥ 1,2024-04-11 20:30:37,Success"
"csgo,""=HYPERLINK(""""https://buff.163.com/goods/875863?appid=730&game=csgo&classid=4614639279&instanceid=188530139&assetid=36966992573&contextid=2"""", """"Sticker | Evil Geniuses (Holo) | Stockholm 2021"""")"",¥ 12.4,2024-04-10 20:54:25,Success"
"csgo,""=HYPERLINK(""""https://buff.163.com/goods/875837?appid=730&game=csgo&classid=4605482185&instanceid=143865972&assetid=36967524533&contextid=2"""", """"Stockholm 2021 Contenders Sticker Capsule"""")"",¥ 19,2024-04-10 20:51:53,Success"
"csgo,""=HYPERLINK(""""https://buff.163.com/goods/894144?appid=730&game=csgo&classid=4839650970&instanceid=188530139&assetid=36873119536&contextid=2"""", """"Sticker | Ninjas in Pyjamas (Holo) | Antwerp 2022"""")"",¥ 3.8,2024-04-05 21:23:51,Success"
"csgo,""=HYPERLINK(""""https://buff.163.com/goods/959811?appid=730&game=csgo&classid=5799927009&instanceid=1363818004&assetid=36718124261&contextid=2"""", """"Sticker | felps (Glitter) | Copenhagen 2024"""")"",¥ 0.76,2024-03-29 07:56:32,Success"
"csgo,""=HYPERLINK(""""https://buff.163.com/goods/894144?appid=730&game=csgo&classid=5779463463&instanceid=188530139&assetid=36664172433&contextid=2"""", """"Sticker | Ninjas in Pyjamas (Holo) | Antwerp 2022"""")"",¥ 4.21,2024-03-27 02:34:59,Success"
"csgo,""=HYPERLINK(""""https://buff.163.com/goods/894144?appid=730&game=csgo&classid=5779463463&instanceid=188530139&assetid=36664172422&contextid=2"""", """"Sticker | Ninjas in Pyjamas (Holo) | Antwerp 2022"""")"",¥ 4.21,2024-03-27 02:34:58,Success"
"csgo,""=HYPERLINK(""""https://buff.163.com/goods/894144?appid=730&game=csgo&classid=5779463463&instanceid=188530139&assetid=36664172408&contextid=2"""", """"Sticker | Ninjas in Pyjamas (Holo) | Antwerp 2022"""")"",¥ 4.21,2024-03-27 02:34:57,Success"
"csgo,""=HYPERLINK(""""https://buff.163.com/goods/928041?appid=730&game=csgo&classid=5327976251&instanceid=1363818004&assetid=36666557402&contextid=2"""", """"Sticker | Fluxo (Holo) | Paris 2023"""")"",¥ 16.2,2024-03-27 02:30:13,Success"
"csgo,""=HYPERLINK(""""https://buff.163.com/goods/928209?appid=730&game=csgo&classid=5779426448&instanceid=188530139&assetid=36664368565&contextid=2"""", """"Sticker | Fnatic (Holo) | Paris 2023"""")"",¥ 17,2024-03-27 02:27:45,Success"
"csgo,""=HYPERLINK(""""https://buff.163.com/goods/34900?appid=730&game=csgo&classid=3533070254&instanceid=188530139&assetid=36666698313&contextid=2"""", """"Galil AR | Blue Titanium (Factory New)"""")"",¥ 24.9,2024-03-27 01:00:38,Success"
"csgo,""=HYPERLINK(""""https://buff.163.com/goods/894086?appid=730&game=csgo&classid=5778068061&instanceid=143865972&assetid=36646569212&contextid=2"""", """"Antwerp 2022 Legends Sticker Capsule"""")"",¥ 4,2024-03-25 23:42:16,Success"
"csgo,""=HYPERLINK(""""https://buff.163.com/goods/894086?appid=730&game=csgo&classid=5778068061&instanceid=143865972&assetid=36646569220&contextid=2"""", """"Antwerp 2022 Legends Sticker Capsule"""")"",¥ 4,2024-03-25 23:42:14,Success"
"csgo,""=HYPERLINK(""""https://buff.163.com/goods/894086?appid=730&game=csgo&classid=5778068061&instanceid=143865972&assetid=36646569235&contextid=2"""", """"Antwerp 2022 Legends Sticker Capsule"""")"",¥ 4,2024-03-25 23:42:13,Success"
"csgo,""=HYPERLINK(""""https://buff.163.com/goods/894086?appid=730&game=csgo&classid=5778068061&instanceid=143865972&assetid=36646569257&contextid=2"""", """"Antwerp 2022 Legends Sticker Capsule"""")"",¥ 4,2024-03-25 23:42:12,Success"
"csgo,""=HYPERLINK(""""https://buff.163.com/goods/894086?appid=730&game=csgo&classid=5778068061&instanceid=143865972&assetid=36646569271&contextid=2"""", """"Antwerp 2022 Legends Sticker Capsule"""")"",¥ 4,2024-03-25 23:42:10,Success"
"csgo,""=HYPERLINK(""""https://buff.163.com/goods/876013?appid=730&game=csgo&classid=4614639238&instanceid=188530139&assetid=36638621820&contextid=2"""", """"Sticker | Tyloo | Stockholm 2021"""")"",¥ 3.49,2024-03-25 08:57:02,Success"
"csgo,""=HYPERLINK(""""https://buff.163.com/goods/876013?appid=730&game=csgo&classid=5776645835&instanceid=188530139&assetid=36638621766&contextid=2"""", """"Sticker | Tyloo | Stockholm 2021"""")"",¥ 3.49,2024-03-25 08:57:02,Success"
"csgo,""=HYPERLINK(""""https://buff.163.com/goods/876013?appid=730&game=csgo&classid=5776645835&instanceid=188530139&assetid=36638621778&contextid=2"""", """"Sticker | Tyloo | Stockholm 2021"""")"",¥ 3.49,2024-03-25 08:57:02,Success"
"csgo,""=HYPERLINK(""""https://buff.163.com/goods/876013?appid=730&game=csgo&classid=4614639238&instanceid=188530139&assetid=36638621754&contextid=2"""", """"Sticker | Tyloo | Stockholm 2021"""")"",¥ 3.49,2024-03-25 08:57:02,Success"
"csgo,""=HYPERLINK(""""https://buff.163.com/goods/876013?appid=730&game=csgo&classid=5776645835&instanceid=188530139&assetid=36638621802&contextid=2"""", """"Sticker | Tyloo | Stockholm 2021"""")"",¥ 3.49,2024-03-25 08:57:02,Success"
"csgo,""=HYPERLINK(""""https://buff.163.com/goods/876013?appid=730&game=csgo&classid=4614639238&instanceid=188530139&assetid=36638621814&contextid=2"""", """"Sticker | Tyloo | Stockholm 2021"""")"",¥ 3.49,2024-03-25 08:57:01,Success"
"csgo,""=HYPERLINK(""""https://buff.163.com/goods/876013?appid=730&game=csgo&classid=4614639238&instanceid=188530139&assetid=36638621833&contextid=2"""", """"Sticker | Tyloo | Stockholm 2021"""")"",¥ 3.49,2024-03-25 08:57:01,Success"
"csgo,""=HYPERLINK(""""https://buff.163.com/goods/876013?appid=730&game=csgo&classid=5776645835&instanceid=188530139&assetid=36638621788&contextid=2"""", """"Sticker | Tyloo | Stockholm 2021"""")"",¥ 3.49,2024-03-25 08:57:01,Success"
"csgo,""=HYPERLINK(""""https://buff.163.com/goods/894107?appid=730&game=csgo&classid=5775182954&instanceid=188530139&assetid=36617839709&contextid=2"""", """"Sticker | 9z Team | Antwerp 2022"""")"",¥ 1.1,2024-03-24 11:09:59,Success"
"csgo,""=HYPERLINK(""""https://buff.163.com/goods/894107?appid=730&game=csgo&classid=5775182954&instanceid=188530139&assetid=36617839705&contextid=2"""", """"Sticker | 9z Team | Antwerp 2022"""")"",¥ 1.1,2024-03-24 11:09:59,Success"
"csgo,""=HYPERLINK(""""https://buff.163.com/goods/894107?appid=730&game=csgo&classid=5775182954&instanceid=188530139&assetid=36617839716&contextid=2"""", """"Sticker | 9z Team | Antwerp 2022"""")"",¥ 1.1,2024-03-24 11:09:59,Success"
"csgo,""=HYPERLINK(""""https://buff.163.com/goods/894107?appid=730&game=csgo&classid=5775182954&instanceid=188530139&assetid=36617839733&contextid=2"""", """"Sticker | 9z Team | Antwerp 2022"""")"",¥ 1.1,2024-03-24 11:09:59,Success"
"csgo,""=HYPERLINK(""""https://buff.163.com/goods/894107?appid=730&game=csgo&classid=5775182954&instanceid=188530139&assetid=36617839684&contextid=2"""", """"Sticker | 9z Team | Antwerp 2022"""")"",¥ 1.1,2024-03-24 11:09:59,Success"
"csgo,""=HYPERLINK(""""https://buff.163.com/goods/894107?appid=730&game=csgo&classid=5775182954&instanceid=188530139&assetid=36617839756&contextid=2"""", """"Sticker | 9z Team | Antwerp 2022"""")"",¥ 1.1,2024-03-24 11:09:59,Success"
"csgo,""=HYPERLINK(""""https://buff.163.com/goods/894107?appid=730&game=csgo&classid=5775182954&instanceid=188530139&assetid=36617839741&contextid=2"""", """"Sticker | 9z Team | Antwerp 2022"""")"",¥ 1.1,2024-03-24 11:09:59,Success"
"csgo,""=HYPERLINK(""""https://buff.163.com/goods/894107?appid=730&game=csgo&classid=5775182954&instanceid=188530139&assetid=36617839764&contextid=2"""", """"Sticker | 9z Team | Antwerp 2022"""")"",¥ 1.1,2024-03-24 11:09:59,Success"
"csgo,""=HYPERLINK(""""https://buff.163.com/goods/894107?appid=730&game=csgo&classid=5775182954&instanceid=188530139&assetid=36617839725&contextid=2"""", """"Sticker | 9z Team | Antwerp 2022"""")"",¥ 1.1,2024-03-24 11:09:59,Success"
"csgo,""=HYPERLINK(""""https://buff.163.com/goods/40973?appid=730&game=csgo&classid=5773802374&instanceid=188530139&assetid=36594300545&contextid=2"""", """"Sticker | The Spartan"""")"",¥ 1.28,2024-03-23 01:26:44,Success"
"csgo,""=HYPERLINK(""""https://buff.163.com/goods/774809?appid=730&game=csgo&classid=3608084312&instanceid=188530139&assetid=36524125811&contextid=2"""", """"Dual Berettas | Balance (Field-Tested)"""")"",¥ 5.67,2024-03-20 20:50:53,Success"
"csgo,""=HYPERLINK(""""https://buff.163.com/goods/927976?appid=730&game=csgo&classid=5327976193&instanceid=188530139&assetid=36486713463&contextid=2"""", """"Sticker | Fluxo | Paris 2023"""")"",¥ 0.04,2024-03-18 20:01:59,Success"
"csgo,""=HYPERLINK(""""https://buff.163.com/goods/927976?appid=730&game=csgo&classid=5327976193&instanceid=188530139&assetid=36486713471&contextid=2"""", """"Sticker | Fluxo | Paris 2023"""")"",¥ 0.04,2024-03-18 20:01:59,Success"
"csgo,""=HYPERLINK(""""https://buff.163.com/goods/927976?appid=730&game=csgo&classid=5327976193&instanceid=188530139&assetid=36486713480&contextid=2"""", """"Sticker | Fluxo | Paris 2023"""")"",¥ 0.04,2024-03-18 20:01:59,Success"
"csgo,""=HYPERLINK(""""https://buff.163.com/goods/927976?appid=730&game=csgo&classid=5327976193&instanceid=188530139&assetid=36486713459&contextid=2"""", """"Sticker | Fluxo | Paris 2023"""")"",¥ 0.04,2024-03-18 20:01:59,Success"
"csgo,""=HYPERLINK(""""https://buff.163.com/goods/927976?appid=730&game=csgo&classid=5327976193&instanceid=188530139&assetid=36438493368&contextid=2"""", """"Sticker | Fluxo | Paris 2023"""")"",¥ 0.04,2024-03-16 05:05:26,Success"
"csgo,""=HYPERLINK(""""https://buff.163.com/goods/927976?appid=730&game=csgo&classid=5327976193&instanceid=188530139&assetid=36438493380&contextid=2"""", """"Sticker | Fluxo | Paris 2023"""")"",¥ 0.04,2024-03-16 05:05:26,Success"
"csgo,""=HYPERLINK(""""https://buff.163.com/goods/927976?appid=730&game=csgo&classid=5327976193&instanceid=188530139&assetid=36438493388&contextid=2"""", """"Sticker | Fluxo | Paris 2023"""")"",¥ 0.04,2024-03-16 05:05:26,Success"
"csgo,""=HYPERLINK(""""https://buff.163.com/goods/775557?appid=730&game=csgo&classid=5457757517&instanceid=188530139&assetid=36434594466&contextid=2"""", """"AK-47 | Rat Rod (Minimal Wear)"""")"",¥ 32.58,2024-03-16 00:46:10,Success"
"csgo,""=HYPERLINK(""""https://buff.163.com/goods/35006?appid=730&game=csgo&classid=310776817&instanceid=302028390&assetid=36426679206&contextid=2"""", """"Glock-18 | Candy Apple (Factory New)"""")"",¥ 4.99,2024-03-15 18:12:40,Success"
"csgo,""=HYPERLINK(""""https://buff.163.com/goods/894107?appid=730&game=csgo&classid=5763455800&instanceid=188530139&assetid=36425182057&contextid=2"""", """"Sticker | 9z Team | Antwerp 2022"""")"",¥ 1.03,2024-03-15 16:39:45,Success"
"csgo,""=HYPERLINK(""""https://buff.163.com/goods/894107?appid=730&game=csgo&classid=5763455800&instanceid=188530139&assetid=36425177338&contextid=2"""", """"Sticker | 9z Team | Antwerp 2022"""")"",¥ 1.03,2024-03-15 16:39:42,Success"
"csgo,""=HYPERLINK(""""https://buff.163.com/goods/35900?appid=730&game=csgo&classid=310781169&instanceid=302028390&assetid=36417875904&contextid=2"""", """"P2000 | Amber Fade (Minimal Wear)"""")"",¥ 28.27,2024-03-15 06:35:33,Success"
"csgo,""=HYPERLINK(""""https://buff.163.com/goods/956514?appid=730&game=csgo&classid=5761819159&instanceid=188530139&assetid=36417622218&contextid=2"""", """"MAC-10 | Light Box (Field-Tested)"""")"",¥ 1.79,2024-03-15 06:14:28,Success"
"csgo,""=HYPERLINK(""""https://buff.163.com/goods/35248?appid=730&game=csgo&classid=5763415114&instanceid=302028390&assetid=36422165106&contextid=2"""", """"M4A1-S | VariCamo (Factory New)"""")"",¥ 7.9,2024-03-15 05:49:26,Success"
"csgo,""=HYPERLINK(""""https://buff.163.com/goods/835469?appid=730&game=csgo&classid=5761825301&instanceid=519977179&assetid=36416801681&contextid=2"""", """"Sticker | Ancient Protector"""")"",¥ 0.48,2024-03-15 05:17:07,Success"
"csgo,""=HYPERLINK(""""https://buff.163.com/goods/35947?appid=730&game=csgo&classid=5620519346&instanceid=188530139&assetid=36414340698&contextid=2"""", """"P2000 | Ivory (Factory New)"""")"",¥ 3.16,2024-03-15 02:56:22,Success"
"csgo,""=HYPERLINK(""""https://buff.163.com/goods/921405?appid=730&game=csgo&classid=5199656186&instanceid=188530139&assetid=36090239078&contextid=2"""", """"Sticker | Explosive Strength"""")"",¥ 0.18,2024-02-28 00:23:26,Success"
"csgo,""=HYPERLINK(""""https://buff.163.com/goods/927966?appid=730&game=csgo&classid=5327976198&instanceid=188530139&assetid=36090003347&contextid=2"""", """"Sticker | Team Liquid | Paris 2023"""")"",¥ 0.02,2024-02-28 00:09:35,Success"
"csgo,""=HYPERLINK(""""https://buff.163.com/goods/928049?appid=730&game=csgo&classid=5327976336&instanceid=188530139&assetid=36090126698&contextid=2"""", """"Sticker | Team Liquid (Glitter) | Paris 2023"""")"",¥ 0.4,2024-02-28 00:07:59,Success"
"csgo,""=HYPERLINK(""""https://buff.163.com/goods/34301?appid=730&game=csgo&classid=1934445391&instanceid=188530139&assetid=35903684875&contextid=2"""", """"CZ75-Auto | Imprint (Well-Worn)"""")"",¥ 0.29,2024-02-17 20:26:38,Success"
"csgo,""=HYPERLINK(""""https://buff.163.com/goods/911291?appid=730&game=csgo&classid=5051655028&instanceid=188530139&assetid=33997129914&contextid=2"""", """"Sticker | Imperial Esports | Rio 2022"""")"",¥ 0.22,2023-10-13 19:58:53,Success"
"csgo,""=HYPERLINK(""""https://buff.163.com/goods/33835?appid=730&game=csgo&classid=2076468539&instanceid=188530139&assetid=33996670118&contextid=2"""", """"P2000 | Turf (Field-Tested)"""")"",¥ 0.76,2023-10-13 19:57:39,Success"
"csgo,""=HYPERLINK(""""https://buff.163.com/goods/876869?appid=730&game=csgo&classid=5083166479&instanceid=188530139&assetid=33758204705&contextid=2"""", """"Souvenir PP-Bizon | Anolis (Field-Tested)"""")"",¥ 100,2023-10-04 07:09:35,Success"
"csgo,""=HYPERLINK(""""https://buff.163.com/goods/36744?appid=730&game=csgo&classid=1989290352&instanceid=302028390&assetid=33709400102&contextid=2"""", """"Sealed Graffiti | Bling (Desert Amber)"""")"",¥ 0.02,2023-10-02 05:17:13,Success"
"csgo,""=HYPERLINK(""""https://buff.163.com/goods/847311?appid=730&game=csgo&classid=5539559367&instanceid=188530139&assetid=33627064959&contextid=2"""", """"Sticker | Boom (Foil) | 2020 RMR"""")"",¥ 2.88,2023-09-29 20:52:43,Success"
"csgo,""=HYPERLINK(""""https://buff.163.com/goods/847311?appid=730&game=csgo&classid=5539559367&instanceid=188530139&assetid=33627064868&contextid=2"""", """"Sticker | Boom (Foil) | 2020 RMR"""")"",¥ 2.88,2023-09-29 20:52:43,Success"
"csgo,""=HYPERLINK(""""https://buff.163.com/goods/847311?appid=730&game=csgo&classid=5539559367&instanceid=188530139&assetid=33627064940&contextid=2"""", """"Sticker | Boom (Foil) | 2020 RMR"""")"",¥ 2.88,2023-09-29 20:52:43,Success"
"csgo,""=HYPERLINK(""""https://buff.163.com/goods/847311?appid=730&game=csgo&classid=5539559367&instanceid=188530139&assetid=33627064908&contextid=2"""", """"Sticker | Boom (Foil) | 2020 RMR"""")"",¥ 2.88,2023-09-29 20:52:43,Success"
"csgo,""=HYPERLINK(""""https://buff.163.com/goods/774902?appid=730&game=csgo&classid=3608084869&instanceid=6276755351&assetid=33604039713&contextid=2"""", """"Osiris | Elite Crew"""")"",¥ 9.48,2023-09-29 05:19:19,Success"
"csgo,""=HYPERLINK(""""https://buff.163.com/goods/45490?appid=730&game=csgo&classid=2736573351&instanceid=1363818004&assetid=33575688244&contextid=2"""", """"★ Specialist Gloves | Buckshot (Field-Tested)"""")"",¥ 492.4,2023-09-28 17:18:04,Success"
"csgo,""=HYPERLINK(""""https://buff.163.com/goods/847208?appid=730&game=csgo&classid=4302203083&instanceid=188530139&assetid=33507857382&contextid=2"""", """"Sticker | FURIA | 2020 RMR"""")"",¥ 0.08,2023-09-26 17:19:26,Success"
"csgo,""=HYPERLINK(""""https://buff.163.com/goods/847208?appid=730&game=csgo&classid=4302203083&instanceid=188530139&assetid=33507783812&contextid=2"""", """"Sticker | FURIA | 2020 RMR"""")"",¥ 0.08,2023-09-26 17:03:16,Success"
"csgo,""=HYPERLINK(""""https://buff.163.com/goods/847208?appid=730&game=csgo&classid=4302203083&instanceid=188530139&assetid=33507783802&contextid=2"""", """"Sticker | FURIA | 2020 RMR"""")"",¥ 0.08,2023-09-26 17:03:03,Success"
"csgo,""=HYPERLINK(""""https://buff.163.com/goods/847208?appid=730&game=csgo&classid=4302203083&instanceid=188530139&assetid=33507783792&contextid=2"""", """"Sticker | FURIA | 2020 RMR"""")"",¥ 0.08,2023-09-26 17:02:50,Success"
"csgo,""=HYPERLINK(""""https://buff.163.com/goods/894456?appid=730&game=csgo&classid=5533623190&instanceid=188530139&assetid=33501970978&contextid=2"""", """"Sticker | exit (Glitter) | Antwerp 2022"""")"",¥ 0.35,2023-09-26 07:35:58,Success"
"csgo,""=HYPERLINK(""""https://buff.163.com/goods/928016?appid=730&game=csgo&classid=5327976191&instanceid=188530139&assetid=33500335263&contextid=2"""", """"Sticker | MOUZ | Paris 2023"""")"",¥ 0.42,2023-09-26 05:27:12,Success"
"csgo,""=HYPERLINK(""""https://buff.163.com/goods/928016?appid=730&game=csgo&classid=5327976191&instanceid=188530139&assetid=33500335269&contextid=2"""", """"Sticker | MOUZ | Paris 2023"""")"",¥ 0.42,2023-09-26 05:27:06,Success"
"csgo,""=HYPERLINK(""""https://buff.163.com/goods/857601?appid=730&game=csgo&classid=5533536794&instanceid=480085569&assetid=33503095490&contextid=2"""", """"P250 | Cyber Shell (Field-Tested)"""")"",¥ 2.19,2023-09-26 05:25:46,Success"
"csgo,""=HYPERLINK(""""https://buff.163.com/goods/847291?appid=730&game=csgo&classid=5533556150&instanceid=188530139&assetid=33491376731&contextid=2"""", """"Sticker | Gen.G (Foil) | 2020 RMR"""")"",¥ 2.27,2023-09-25 16:48:13,Success"
"csgo,""=HYPERLINK(""""https://buff.163.com/goods/847291?appid=730&game=csgo&classid=5533556150&instanceid=188530139&assetid=33489153521&contextid=2"""", """"Sticker | Gen.G (Foil) | 2020 RMR"""")"",¥ 2.26,2023-09-25 16:48:00,Success"
"csgo,""=HYPERLINK(""""https://buff.163.com/goods/847291?appid=730&game=csgo&classid=5533556150&instanceid=188530139&assetid=33489153531&contextid=2"""", """"Sticker | Gen.G (Foil) | 2020 RMR"""")"",¥ 2.26,2023-09-25 16:47:47,Success"
"csgo,""=HYPERLINK(""""https://buff.163.com/goods/847291?appid=730&game=csgo&classid=5533556150&instanceid=188530139&assetid=33491427279&contextid=2"""", """"Sticker | Gen.G (Foil) | 2020 RMR"""")"",¥ 2.25,2023-09-25 16:47:34,Success"
"csgo,""=HYPERLINK(""""https://buff.163.com/goods/34392?appid=730&game=csgo&classid=5532161121&instanceid=188530139&assetid=33483172544&contextid=2"""", """"Desert Eagle | Bronze Deco (Factory New)"""")"",¥ 13,2023-09-25 06:28:13,Success"
"csgo,""=HYPERLINK(""""https://buff.163.com/goods/928114?appid=730&game=csgo&classid=5532161657&instanceid=188530139&assetid=33473347083&contextid=2"""", """"Sticker | Apeks (Glitter) | Paris 2023"""")"",¥ 2.49,2023-09-24 17:43:37,Success"
"csgo,""=HYPERLINK(""""https://buff.163.com/goods/928114?appid=730&game=csgo&classid=5532161657&instanceid=188530139&assetid=33472515627&contextid=2"""", """"Sticker | Apeks (Glitter) | Paris 2023"""")"",¥ 2.5,2023-09-24 17:43:19,Success"
"csgo,""=HYPERLINK(""""https://buff.163.com/goods/928114?appid=730&game=csgo&classid=5532161657&instanceid=188530139&assetid=33472515639&contextid=2"""", """"Sticker | Apeks (Glitter) | Paris 2023"""")"",¥ 2.5,2023-09-24 17:43:19,Success"
"csgo,""=HYPERLINK(""""https://buff.163.com/goods/928114?appid=730&game=csgo&classid=5327976279&instanceid=188530139&assetid=33472515656&contextid=2"""", """"Sticker | Apeks (Glitter) | Paris 2023"""")"",¥ 2.5,2023-09-24 17:43:19,Success"
"csgo,""=HYPERLINK(""""https://buff.163.com/goods/928114?appid=730&game=csgo&classid=5532161657&instanceid=188530139&assetid=33472149144&contextid=2"""", """"Sticker | Apeks (Glitter) | Paris 2023"""")"",¥ 2.49,2023-09-24 17:37:32,Success"
"csgo,""=HYPERLINK(""""https://buff.163.com/goods/928114?appid=730&game=csgo&classid=5532161657&instanceid=188530139&assetid=33472105996&contextid=2"""", """"Sticker | Apeks (Glitter) | Paris 2023"""")"",¥ 2.49,2023-09-24 17:37:07,Success"
"csgo,""=HYPERLINK(""""https://buff.163.com/goods/928114?appid=730&game=csgo&classid=5532161657&instanceid=188530139&assetid=33472069090&contextid=2"""", """"Sticker | Apeks (Glitter) | Paris 2023"""")"",¥ 2.49,2023-09-24 17:34:26,Success"
"csgo,""=HYPERLINK(""""https://buff.163.com/goods/928114?appid=730&game=csgo&classid=5532161657&instanceid=188530139&assetid=33472052400&contextid=2"""", """"Sticker | Apeks (Glitter) | Paris 2023"""")"",¥ 2.49,2023-09-24 17:32:59,Success"
"csgo,""=HYPERLINK(""""https://buff.163.com/goods/928114?appid=730&game=csgo&classid=5532161657&instanceid=188530139&assetid=33472049559&contextid=2"""", """"Sticker | Apeks (Glitter) | Paris 2023"""")"",¥ 2.49,2023-09-24 17:32:59,Success"
"csgo,""=HYPERLINK(""""https://buff.163.com/goods/928114?appid=730&game=csgo&classid=5532161657&instanceid=188530139&assetid=33472049591&contextid=2"""", """"Sticker | Apeks (Glitter) | Paris 2023"""")"",¥ 2.49,2023-09-24 17:32:59,Success"
"csgo,""=HYPERLINK(""""https://buff.163.com/goods/928114?appid=730&game=csgo&classid=5532161657&instanceid=188530139&assetid=33472071385&contextid=2"""", """"Sticker | Apeks (Glitter) | Paris 2023"""")"",¥ 2.49,2023-09-24 17:32:59,Success"
"csgo,""=HYPERLINK(""""https://buff.163.com/goods/928114?appid=730&game=csgo&classid=5532161657&instanceid=188530139&assetid=33472049575&contextid=2"""", """"Sticker | Apeks (Glitter) | Paris 2023"""")"",¥ 2.49,2023-09-24 17:32:59,Success"
"csgo,""=HYPERLINK(""""https://buff.163.com/goods/847299?appid=730&game=csgo&classid=4302203128&instanceid=188530139&assetid=33458120544&contextid=2"""", """"Sticker | Liquid (Holo) | 2020 RMR"""")"",¥ 5.5,2023-09-23 23:08:52,Success"
"csgo,""=HYPERLINK(""""https://buff.163.com/goods/928051?appid=730&game=csgo&classid=5530661233&instanceid=188530139&assetid=33452877450&contextid=2"""", """"Sticker | 9INE (Glitter) | Paris 2023"""")"",¥ 2.8,2023-09-23 18:10:59,Success"
"csgo,""=HYPERLINK(""""https://buff.163.com/goods/928051?appid=730&game=csgo&classid=5530661233&instanceid=188530139&assetid=33452877430&contextid=2"""", """"Sticker | 9INE (Glitter) | Paris 2023"""")"",¥ 2.8,2023-09-23 18:10:59,Success"
"csgo,""=HYPERLINK(""""https://buff.163.com/goods/928051?appid=730&game=csgo&classid=5530661233&instanceid=188530139&assetid=33452877405&contextid=2"""", """"Sticker | 9INE (Glitter) | Paris 2023"""")"",¥ 2.8,2023-09-23 18:10:59,Success"
"csgo,""=HYPERLINK(""""https://buff.163.com/goods/928051?appid=730&game=csgo&classid=5530661233&instanceid=188530139&assetid=33452710916&contextid=2"""", """"Sticker | 9INE (Glitter) | Paris 2023"""")"",¥ 2.8,2023-09-23 17:59:55,Success"
"csgo,""=HYPERLINK(""""https://buff.163.com/goods/928051?appid=730&game=csgo&classid=5530661233&instanceid=188530139&assetid=33452698457&contextid=2"""", """"Sticker | 9INE (Glitter) | Paris 2023"""")"",¥ 2.79,2023-09-23 17:58:19,Success"
"csgo,""=HYPERLINK(""""https://buff.163.com/goods/928051?appid=730&game=csgo&classid=5530661233&instanceid=188530139&assetid=33452698471&contextid=2"""", """"Sticker | 9INE (Glitter) | Paris 2023"""")"",¥ 2.79,2023-09-23 17:58:19,Success"
"csgo,""=HYPERLINK(""""https://buff.163.com/goods/928051?appid=730&game=csgo&classid=5530661233&instanceid=188530139&assetid=33452912611&contextid=2"""", """"Sticker | 9INE (Glitter) | Paris 2023"""")"",¥ 2.79,2023-09-23 17:57:32,Success"
"csgo,""=HYPERLINK(""""https://buff.163.com/goods/928035?appid=730&game=csgo&classid=5530661512&instanceid=188530139&assetid=33452639557&contextid=2"""", """"Sticker | 9INE (Holo) | Paris 2023"""")"",¥ 30,2023-09-23 16:17:49,Success"
"csgo,""=HYPERLINK(""""https://buff.163.com/goods/928035?appid=730&game=csgo&classid=5327976264&instanceid=1363818004&assetid=33452639716&contextid=2"""", """"Sticker | 9INE (Holo) | Paris 2023"""")"",¥ 30,2023-09-23 16:15:49,Success"
"csgo,""=HYPERLINK(""""https://buff.163.com/goods/927990?appid=730&game=csgo&classid=5327976109&instanceid=188530139&assetid=33444898504&contextid=2"""", """"Sticker | MOUZ (Glitter) | Paris 2023"""")"",¥ 4.59,2023-09-23 07:07:00,Success"
"csgo,""=HYPERLINK(""""https://buff.163.com/goods/927990?appid=730&game=csgo&classid=5529166998&instanceid=188530139&assetid=33448858889&contextid=2"""", """"Sticker | MOUZ (Glitter) | Paris 2023"""")"",¥ 4.59,2023-09-23 07:06:59,Success"
"csgo,""=HYPERLINK(""""https://buff.163.com/goods/927990?appid=730&game=csgo&classid=5327976109&instanceid=188530139&assetid=33444898513&contextid=2"""", """"Sticker | MOUZ (Glitter) | Paris 2023"""")"",¥ 4.59,2023-09-23 07:06:59,Success"
"csgo,""=HYPERLINK(""""https://buff.163.com/goods/927990?appid=730&game=csgo&classid=5529166998&instanceid=188530139&assetid=33448858881&contextid=2"""", """"Sticker | MOUZ (Glitter) | Paris 2023"""")"",¥ 4.59,2023-09-23 07:06:59,Success"
"csgo,""=HYPERLINK(""""https://buff.163.com/goods/927990?appid=730&game=csgo&classid=5529166998&instanceid=188530139&assetid=33448858875&contextid=2"""", """"Sticker | MOUZ (Glitter) | Paris 2023"""")"",¥ 4.59,2023-09-23 07:06:59,Success"
"csgo,""=HYPERLINK(""""https://buff.163.com/goods/927990?appid=730&game=csgo&classid=5327976109&instanceid=188530139&assetid=33444898507&contextid=2"""", """"Sticker | MOUZ (Glitter) | Paris 2023"""")"",¥ 4.59,2023-09-23 07:06:59,Success"
"csgo,""=HYPERLINK(""""https://buff.163.com/goods/927990?appid=730&game=csgo&classid=5327976109&instanceid=188530139&assetid=33445027717&contextid=2"""", """"Sticker | MOUZ (Glitter) | Paris 2023"""")"",¥ 4.59,2023-09-23 07:06:59,Success"
"csgo,""=HYPERLINK(""""https://buff.163.com/goods/927990?appid=730&game=csgo&classid=5327976109&instanceid=188530139&assetid=33444898517&contextid=2"""", """"Sticker | MOUZ (Glitter) | Paris 2023"""")"",¥ 4.59,2023-09-23 07:06:59,Success"
"csgo,""=HYPERLINK(""""https://buff.163.com/goods/927990?appid=730&game=csgo&classid=5327976109&instanceid=188530139&assetid=33444898527&contextid=2"""", """"Sticker | MOUZ (Glitter) | Paris 2023"""")"",¥ 4.59,2023-09-23 07:06:59,Success"
"csgo,""=HYPERLINK(""""https://buff.163.com/goods/927990?appid=730&game=csgo&classid=5327976109&instanceid=188530139&assetid=33445061524&contextid=2"""", """"Sticker | MOUZ (Glitter) | Paris 2023"""")"",¥ 4.59,2023-09-23 07:03:51,Success"
"csgo,""=HYPERLINK(""""https://buff.163.com/goods/876860?appid=730&game=csgo&classid=5334112888&instanceid=188530139&assetid=33432031514&contextid=2"""", """"Souvenir P250 | Drought (Field-Tested)"""")"",¥ 0.09,2023-09-22 18:13:11,Success"
"csgo,""=HYPERLINK(""""https://buff.163.com/goods/876860?appid=730&game=csgo&classid=5344423461&instanceid=188530139&assetid=33432048167&contextid=2"""", """"Souvenir P250 | Drought (Field-Tested)"""")"",¥ 0.09,2023-09-22 18:12:22,Success"
"csgo,""=HYPERLINK(""""https://buff.163.com/goods/847299?appid=730&game=csgo&classid=5527854744&instanceid=188530139&assetid=33416655555&contextid=2"""", """"Sticker | Liquid (Holo) | 2020 RMR"""")"",¥ 5.8,2023-09-21 22:34:15,Success"
"csgo,""=HYPERLINK(""""https://buff.163.com/goods/847299?appid=730&game=csgo&classid=5527854744&instanceid=188530139&assetid=33416655569&contextid=2"""", """"Sticker | Liquid (Holo) | 2020 RMR"""")"",¥ 5.8,2023-09-21 22:34:15,Success"
"csgo,""=HYPERLINK(""""https://buff.163.com/goods/847299?appid=730&game=csgo&classid=5527854744&instanceid=188530139&assetid=33416655589&contextid=2"""", """"Sticker | Liquid (Holo) | 2020 RMR"""")"",¥ 5.8,2023-09-21 22:34:15,Success"
"csgo,""=HYPERLINK(""""https://buff.163.com/goods/835810?appid=730&game=csgo&classid=4141919915&instanceid=188530139&assetid=33381117823&contextid=2"""", """"★ Moto Gloves | 3rd Commando Company (Field-Tested)"""")"",¥ 511,2023-09-20 06:41:52,Success"
"csgo,""=HYPERLINK(""""https://buff.163.com/goods/774816?appid=730&game=csgo&classid=5383104738&instanceid=519977179&assetid=33370023149&contextid=2"""", """"Enforcer | Phoenix"""")"",¥ 13,2023-09-19 18:50:12,Success"
"csgo,""=HYPERLINK(""""https://buff.163.com/goods/894176?appid=730&game=csgo&classid=5520497367&instanceid=188530139&assetid=33307663538&contextid=2"""", """"Sticker | Renegades (Glitter) | Antwerp 2022"""")"",¥ 0.6,2023-09-16 13:38:38,Success"
"csgo,""=HYPERLINK(""""https://buff.163.com/goods/894176?appid=730&game=csgo&classid=5520497367&instanceid=188530139&assetid=33307663603&contextid=2"""", """"Sticker | Renegades (Glitter) | Antwerp 2022"""")"",¥ 0.6,2023-09-16 13:38:38,Success"
"csgo,""=HYPERLINK(""""https://buff.163.com/goods/894176?appid=730&game=csgo&classid=5520497367&instanceid=188530139&assetid=33307663590&contextid=2"""", """"Sticker | Renegades (Glitter) | Antwerp 2022"""")"",¥ 0.6,2023-09-16 13:38:38,Success"
"csgo,""=HYPERLINK(""""https://buff.163.com/goods/894176?appid=730&game=csgo&classid=5520497367&instanceid=188530139&assetid=33307663626&contextid=2"""", """"Sticker | Renegades (Glitter) | Antwerp 2022"""")"",¥ 0.6,2023-09-16 13:38:38,Success"
"csgo,""=HYPERLINK(""""https://buff.163.com/goods/928049?appid=730&game=csgo&classid=5327976336&instanceid=188530139&assetid=33278150345&contextid=2"""", """"Sticker | Team Liquid (Glitter) | Paris 2023"""")"",¥ 0.52,2023-09-15 17:30:00,Success"
"csgo,""=HYPERLINK(""""https://buff.163.com/goods/928049?appid=730&game=csgo&classid=5327976336&instanceid=188530139&assetid=33278150356&contextid=2"""", """"Sticker | Team Liquid (Glitter) | Paris 2023"""")"",¥ 0.52,2023-09-15 17:29:55,Success"
"csgo,""=HYPERLINK(""""https://buff.163.com/goods/928049?appid=730&game=csgo&classid=5505555063&instanceid=188530139&assetid=33278198590&contextid=2"""", """"Sticker | Team Liquid (Glitter) | Paris 2023"""")"",¥ 0.52,2023-09-15 17:29:48,Success"
"csgo,""=HYPERLINK(""""https://buff.163.com/goods/928111?appid=730&game=csgo&classid=5327976107&instanceid=188530139&assetid=33278162949&contextid=2"""", """"Sticker | FaZe Clan (Glitter) | Paris 2023"""")"",¥ 0.8,2023-09-15 17:29:26,Success"
"csgo,""=HYPERLINK(""""https://buff.163.com/goods/928111?appid=730&game=csgo&classid=5327976107&instanceid=188530139&assetid=33278162931&contextid=2"""", """"Sticker | FaZe Clan (Glitter) | Paris 2023"""")"",¥ 0.8,2023-09-15 17:29:26,Success"
"csgo,""=HYPERLINK(""""https://buff.163.com/goods/928111?appid=730&game=csgo&classid=5327976107&instanceid=188530139&assetid=33278162939&contextid=2"""", """"Sticker | FaZe Clan (Glitter) | Paris 2023"""")"",¥ 0.8,2023-09-15 17:29:26,Success"
"csgo,""=HYPERLINK(""""https://buff.163.com/goods/37671?appid=730&game=csgo&classid=3021946704&instanceid=188530139&assetid=33253762297&contextid=2"""", """"Souvenir Galil AR | Hunting Blind (Minimal Wear)"""")"",¥ 5.36,2023-09-14 17:56:17,Success"
"csgo,""=HYPERLINK(""""https://buff.163.com/goods/35551?appid=730&game=csgo&classid=5513698082&instanceid=480085569&assetid=33214062246&contextid=2"""", """"MP7 | Anodized Navy (Factory New)"""")"",¥ 8.34,2023-09-13 02:08:09,Success"
"csgo,""=HYPERLINK(""""https://buff.163.com/goods/894134?appid=730&game=csgo&classid=4839650802&instanceid=188530139&assetid=33177354840&contextid=2"""", """"Sticker | Copenhagen Flames | Antwerp 2022"""")"",¥ 0.19,2023-09-11 17:01:44,Success"
"csgo,""=HYPERLINK(""""https://buff.163.com/goods/894134?appid=730&game=csgo&classid=4839650802&instanceid=188530139&assetid=33177354847&contextid=2"""", """"Sticker | Copenhagen Flames | Antwerp 2022"""")"",¥ 0.19,2023-09-11 17:01:31,Success"
"csgo,""=HYPERLINK(""""https://buff.163.com/goods/894134?appid=730&game=csgo&classid=4839650802&instanceid=188530139&assetid=33177354860&contextid=2"""", """"Sticker | Copenhagen Flames | Antwerp 2022"""")"",¥ 0.19,2023-09-11 17:01:19,Success"
"csgo,""=HYPERLINK(""""https://buff.163.com/goods/894134?appid=730&game=csgo&classid=5512134679&instanceid=188530139&assetid=33176116721&contextid=2"""", """"Sticker | Copenhagen Flames | Antwerp 2022"""")"",¥ 0.19,2023-09-11 17:01:06,Success"
"csgo,""=HYPERLINK(""""https://buff.163.com/goods/928111?appid=730&game=csgo&classid=5510517214&instanceid=188530139&assetid=33168181619&contextid=2"""", """"Sticker | FaZe Clan (Glitter) | Paris 2023"""")"",¥ 0.95,2023-09-11 08:15:40,Success"
"csgo,""=HYPERLINK(""""https://buff.163.com/goods/34538?appid=730&game=csgo&classid=5510551428&instanceid=188530139&assetid=33167508664&contextid=2"""", """"Dual Berettas | Dualing Dragons (Field-Tested)"""")"",¥ 1,2023-09-11 06:50:02,Success"
"csgo,""=HYPERLINK(""""https://buff.163.com/goods/894146?appid=730&game=csgo&classid=4839650799&instanceid=188530139&assetid=33167811378&contextid=2"""", """"Sticker | IHC Esports | Antwerp 2022"""")"",¥ 0.04,2023-09-11 01:28:48,Success"
"csgo,""=HYPERLINK(""""https://buff.163.com/goods/894146?appid=730&game=csgo&classid=4839650799&instanceid=188530139&assetid=33167811382&contextid=2"""", """"Sticker | IHC Esports | Antwerp 2022"""")"",¥ 0.04,2023-09-11 01:28:37,Success"
"csgo,""=HYPERLINK(""""https://buff.163.com/goods/894146?appid=730&game=csgo&classid=5510538491&instanceid=188530139&assetid=33167811384&contextid=2"""", """"Sticker | IHC Esports | Antwerp 2022"""")"",¥ 0.04,2023-09-11 01:28:26,Success"
"csgo,""=HYPERLINK(""""https://buff.163.com/goods/894146?appid=730&game=csgo&classid=4839650799&instanceid=188530139&assetid=33167811386&contextid=2"""", """"Sticker | IHC Esports | Antwerp 2022"""")"",¥ 0.04,2023-09-11 01:28:21,Success"
"csgo,""=HYPERLINK(""""https://buff.163.com/goods/894146?appid=730&game=csgo&classid=4839650799&instanceid=188530139&assetid=33167811387&contextid=2"""", """"Sticker | IHC Esports | Antwerp 2022"""")"",¥ 0.04,2023-09-11 01:28:15,Success"
"csgo,""=HYPERLINK(""""https://buff.163.com/goods/42322?appid=730&game=csgo&classid=5510521141&instanceid=188530139&assetid=33155843319&contextid=2"""", """"XM1014 | Teclu Burner (Field-Tested)"""")"",¥ 3.7,2023-09-10 16:17:50,Success"
"csgo,""=HYPERLINK(""""https://buff.163.com/goods/928049?appid=730&game=csgo&classid=5327976336&instanceid=188530139&assetid=33145714423&contextid=2"""", """"Sticker | Team Liquid (Glitter) | Paris 2023"""")"",¥ 0.66,2023-09-10 12:09:27,Success"
"csgo,""=HYPERLINK(""""https://buff.163.com/goods/34394?appid=730&game=csgo&classid=5510128103&instanceid=188530139&assetid=33141832584&contextid=2"""", """"Desert Eagle | Bronze Deco (Minimal Wear)"""")"",¥ 7.82,2023-09-10 05:56:09,Success"
"csgo,""=HYPERLINK(""""https://buff.163.com/goods/35490?appid=730&game=csgo&classid=5510042595&instanceid=188530139&assetid=33140671719&contextid=2"""", """"MAG-7 | Heat (Field-Tested)"""")"",¥ 2.42,2023-09-10 05:48:03,Success"
"csgo,""=HYPERLINK(""""https://buff.163.com/goods/35191?appid=730&game=csgo&classid=4616212930&instanceid=188530139&assetid=33137148984&contextid=2"""", """"M4A1-S | Cyrex (Field-Tested)"""")"",¥ 144,2023-09-10 02:17:04,Success"
"csgo,""=HYPERLINK(""""https://buff.163.com/goods/42168?appid=730&game=csgo&classid=5508851403&instanceid=188530139&assetid=33132402153&contextid=2"""", """"USP-S | Cyrex (Minimal Wear)"""")"",¥ 13.08,2023-09-09 22:06:05,Success"
"csgo,""=HYPERLINK(""""https://buff.163.com/goods/759321?appid=730&game=csgo&classid=4148857965&instanceid=188530139&assetid=33127545259&contextid=2"""", """"Tec-9 | Snek-9 (Factory New)"""")"",¥ 3.06,2023-09-09 19:02:02,Success"
"csgo,""=HYPERLINK(""""https://buff.163.com/goods/857550?appid=730&game=csgo&classid=4614659840&instanceid=188530139&assetid=33118195159&contextid=2"""", """"AK-47 | Slate (Field-Tested)"""")"",¥ 30,2023-09-09 12:17:34,Success"
"csgo,""=HYPERLINK(""""https://buff.163.com/goods/35337?appid=730&game=csgo&classid=4893734670&instanceid=519977179&assetid=33112259109&contextid=2"""", """"M4A4 | Tornado (Field-Tested)"""")"",¥ 8.65,2023-09-09 06:10:23,Success"
"csgo,""=HYPERLINK(""""https://buff.163.com/goods/763240?appid=730&game=csgo&classid=3113365113&instanceid=188530139&assetid=33084843320&contextid=2"""", """"P250 | Nevermore (Minimal Wear)"""")"",¥ 5.5,2023-09-08 09:17:01,Success"
"csgo,""=HYPERLINK(""""https://buff.163.com/goods/35367?appid=730&game=csgo&classid=4618301333&instanceid=302028390&assetid=33081026528&contextid=2"""", """"MAC-10 | Candy Apple (Minimal Wear)"""")"",¥ 2.11,2023-09-08 04:54:56,Success"
"csgo,""=HYPERLINK(""""https://buff.163.com/goods/37825?appid=730&game=csgo&classid=5503213929&instanceid=188530139&assetid=33010959520&contextid=2"""", """"Souvenir MP9 | Storm (Minimal Wear)"""")"",¥ 1.03,2023-09-05 21:43:32,Success"
"csgo,""=HYPERLINK(""""https://buff.163.com/goods/33965?appid=730&game=csgo&classid=5502996599&instanceid=480085569&assetid=33006091384&contextid=2"""", """"AK-47 | Safari Mesh (Field-Tested)"""")"",¥ 1.04,2023-09-05 17:50:14,Success"
"csgo,""=HYPERLINK(""""https://buff.163.com/goods/876912?appid=730&game=csgo&classid=5502668886&instanceid=188530139&assetid=33001942147&contextid=2"""", """"Souvenir FAMAS | Faulty Wiring (Field-Tested)"""")"",¥ 0.35,2023-09-05 17:30:42,Success"
"csgo,""=HYPERLINK(""""https://buff.163.com/goods/34911?appid=730&game=csgo&classid=5401835045&instanceid=480085569&assetid=33000961163&contextid=2"""", """"Galil AR | Crimson Tsunami (Field-Tested)"""")"",¥ 7.21,2023-09-05 17:19:41,Success"
"csgo,""=HYPERLINK(""""https://buff.163.com/goods/42175?appid=730&game=csgo&classid=310778847&instanceid=302028390&assetid=32990034027&contextid=2"""", """"USP-S | Forest Leaves (Minimal Wear)"""")"",¥ 1.52,2023-09-05 08:31:57,Success"
"csgo,""=HYPERLINK(""""https://buff.163.com/goods/762075?appid=730&game=csgo&classid=5500627442&instanceid=302028390&assetid=32989247129&contextid=2"""", """"Glock-18 | High Beam (Factory New)"""")"",¥ 1.97,2023-09-05 06:54:37,Success"
"csgo,""=HYPERLINK(""""https://buff.163.com/goods/774827?appid=730&game=csgo&classid=3729331604&instanceid=519977179&assetid=32960212066&contextid=2"""", """"Michael Syfers  | FBI Sniper"""")"",¥ 18,2023-09-04 08:37:30,Success"
"csgo,""=HYPERLINK(""""https://buff.163.com/goods/921405?appid=730&game=csgo&classid=5199656186&instanceid=188530139&assetid=32853081619&contextid=2"""", """"Sticker | Explosive Strength"""")"",¥ 0.13,2023-08-31 22:18:00,Success"
"csgo,""=HYPERLINK(""""https://buff.163.com/goods/38985?appid=730&game=csgo&classid=937593677&instanceid=188530306&assetid=32833651651&contextid=2"""", """"StatTrak™ MAG-7 | Heat (Battle-Scarred)"""")"",¥ 3.06,2023-08-31 04:32:19,Success"
"csgo,""=HYPERLINK(""""https://buff.163.com/goods/39537?appid=730&game=csgo&classid=3487847772&instanceid=188530306&assetid=32832755241&contextid=2"""", """"StatTrak™ SSG 08 | Abyss (Field-Tested)"""")"",¥ 5.99,2023-08-31 04:26:48,Success"
"csgo,""=HYPERLINK(""""https://buff.163.com/goods/45305?appid=730&game=csgo&classid=4150158951&instanceid=903124201&assetid=32822046986&contextid=2"""", """"StatTrak™ AWP | Mortis (Field-Tested)"""")"",¥ 28.13,2023-08-30 22:21:44,Success"
"csgo,""=HYPERLINK(""""https://buff.163.com/goods/38409?appid=730&game=csgo&classid=1440513034&instanceid=188532466&assetid=32822696539&contextid=2"""", """"StatTrak™ Desert Eagle | Corinthian (Field-Tested)"""")"",¥ 10.98,2023-08-30 22:16:26,Success"
"csgo,""=HYPERLINK(""""https://buff.163.com/goods/38816?appid=730&game=csgo&classid=5490015203&instanceid=188530170&assetid=32801315184&contextid=2"""", """"StatTrak™ M4A1-S | Flashback (Field-Tested)"""")"",¥ 20.4,2023-08-30 06:35:29,Success"
"csgo,""=HYPERLINK(""""https://buff.163.com/goods/900580?appid=730&game=csgo&classid=5491051984&instanceid=188531307&assetid=32799722679&contextid=2"""", """"StatTrak™ FAMAS | Meow 36 (Field-Tested)"""")"",¥ 1.57,2023-08-30 04:38:59,Success"
"csgo,""=HYPERLINK(""""https://buff.163.com/goods/927978?appid=730&game=csgo&classid=5489981102&instanceid=188530139&assetid=32789659046&contextid=2"""", """"Sticker | FURIA | Paris 2023"""")"",¥ 0.03,2023-08-29 21:50:59,Success"
"csgo,""=HYPERLINK(""""https://buff.163.com/goods/763316?appid=730&game=csgo&classid=5489980985&instanceid=188530329&assetid=32785554804&contextid=2"""", """"StatTrak™ Tec-9 | Fubar (Field-Tested)"""")"",¥ 0.95,2023-08-29 19:03:30,Success"
"csgo,""=HYPERLINK(""""https://buff.163.com/goods/38601?appid=730&game=csgo&classid=5489985772&instanceid=188530306&assetid=32786694018&contextid=2"""", """"StatTrak™ Five-SeveN | Violent Daimyo (Field-Tested)"""")"",¥ 1.94,2023-08-29 19:03:21,Success"
"csgo,""=HYPERLINK(""""https://buff.163.com/goods/39296?appid=730&game=csgo&classid=5489993029&instanceid=188531370&assetid=32785857894&contextid=2"""", """"StatTrak™ P250 | Valence (Field-Tested)"""")"",¥ 1.95,2023-08-29 19:02:38,Success"
"csgo,""=HYPERLINK(""""https://buff.163.com/goods/886986?appid=730&game=csgo&classid=5489981960&instanceid=188531370&assetid=32786698072&contextid=2"""", """"StatTrak™ MAC-10 | Ensnared (Field-Tested)"""")"",¥ 0.92,2023-08-29 19:00:43,Success"
"csgo,""=HYPERLINK(""""https://buff.163.com/goods/38753?appid=730&game=csgo&classid=5490329438&instanceid=188530914&assetid=32785532853&contextid=2"""", """"StatTrak™ Glock-18 | Wraiths (Field-Tested)"""")"",¥ 2.37,2023-08-29 18:59:56,Success"
"csgo,""=HYPERLINK(""""https://buff.163.com/goods/900564?appid=730&game=csgo&classid=5489982769&instanceid=188543069&assetid=32786535644&contextid=2"""", """"StatTrak™ M4A4 | Poly Mag (Field-Tested)"""")"",¥ 1.73,2023-08-29 18:50:20,Success"
"csgo,""=HYPERLINK(""""https://buff.163.com/goods/928040?appid=730&game=csgo&classid=5327976207&instanceid=188530139&assetid=32785119019&contextid=2"""", """"Sticker | Ninjas in Pyjamas | Paris 2023"""")"",¥ 0.02,2023-08-29 18:20:20,Success"
"csgo,""=HYPERLINK(""""https://buff.163.com/goods/921535?appid=730&game=csgo&classid=5489996602&instanceid=188530326&assetid=32784758353&contextid=2"""", """"StatTrak™ MP9 | Featherweight (Field-Tested)"""")"",¥ 1.5,2023-08-29 18:11:16,Success"
"csgo,""=HYPERLINK(""""https://buff.163.com/goods/38662?appid=730&game=csgo&classid=5489992283&instanceid=902740809&assetid=32784435929&contextid=2"""", """"StatTrak™ Galil AR | Firefight (Field-Tested)"""")"",¥ 4.28,2023-08-29 18:08:52,Success"
"csgo,""=HYPERLINK(""""https://buff.163.com/goods/39771?appid=730&game=csgo&classid=5489991217&instanceid=188530170&assetid=32784382176&contextid=2"""", """"StatTrak™ USP-S | Torque (Field-Tested)"""")"",¥ 12.32,2023-08-29 18:06:12,Success"
"csgo,""=HYPERLINK(""""https://buff.163.com/goods/38177?appid=730&game=csgo&classid=5489998948&instanceid=188530170&assetid=32783887635&contextid=2"""", """"StatTrak™ AK-47 | Elite Build (Field-Tested)"""")"",¥ 25.65,2023-08-29 17:38:59,Success"
"csgo,""=HYPERLINK(""""https://buff.163.com/goods/876903?appid=730&game=csgo&classid=4622696479&instanceid=188530139&assetid=32643242976&contextid=2"""", """"Souvenir UMP-45 | Mechanism (Field-Tested)"""")"",¥ 0.86,2023-08-24 04:00:23,Success"
"csgo,""=HYPERLINK(""""https://buff.163.com/goods/36095?appid=730&game=csgo&classid=1216609394&instanceid=188530139&assetid=32600985361&contextid=2"""", """"P250 | Valence (Factory New)"""")"",¥ 5.3,2023-08-23 00:16:40,Success"
"csgo,""=HYPERLINK(""""https://buff.163.com/goods/45248?appid=730&game=csgo&classid=5479693968&instanceid=480085569&assetid=32600821032&contextid=2"""", """"AWP | Mortis (Minimal Wear)"""")"",¥ 21.28,2023-08-23 00:10:16,Success"
"csgo,""=HYPERLINK(""""https://buff.163.com/goods/928173?appid=730&game=csgo&classid=5466075071&instanceid=188530139&assetid=32377037433&contextid=2"""", """"Sticker | GamerLegion (Glitter) | Paris 2023"""")"",¥ 1,2023-08-14 21:36:50,Success"
"csgo,""=HYPERLINK(""""https://buff.163.com/goods/928173?appid=730&game=csgo&classid=5466075071&instanceid=188530139&assetid=32377037457&contextid=2"""", """"Sticker | GamerLegion (Glitter) | Paris 2023"""")"",¥ 1,2023-08-14 21:36:50,Success"
"csgo,""=HYPERLINK(""""https://buff.163.com/goods/928173?appid=730&game=csgo&classid=5466075071&instanceid=188530139&assetid=32374511562&contextid=2"""", """"Sticker | GamerLegion (Glitter) | Paris 2023"""")"",¥ 1,2023-08-14 19:33:29,Success"
"csgo,""=HYPERLINK(""""https://buff.163.com/goods/928173?appid=730&game=csgo&classid=5466075071&instanceid=188530139&assetid=32374511548&contextid=2"""", """"Sticker | GamerLegion (Glitter) | Paris 2023"""")"",¥ 1,2023-08-14 19:33:29,Success"
"csgo,""=HYPERLINK(""""https://buff.163.com/goods/928173?appid=730&game=csgo&classid=5327976266&instanceid=188530139&assetid=32373040750&contextid=2"""", """"Sticker | GamerLegion (Glitter) | Paris 2023"""")"",¥ 1,2023-08-14 18:41:10,Success"
"csgo,""=HYPERLINK(""""https://buff.163.com/goods/928173?appid=730&game=csgo&classid=5327976266&instanceid=188530139&assetid=32373040763&contextid=2"""", """"Sticker | GamerLegion (Glitter) | Paris 2023"""")"",¥ 1,2023-08-14 18:41:10,Success"
"csgo,""=HYPERLINK(""""https://buff.163.com/goods/928173?appid=730&game=csgo&classid=5327976266&instanceid=188530139&assetid=32373040730&contextid=2"""", """"Sticker | GamerLegion (Glitter) | Paris 2023"""")"",¥ 1,2023-08-14 18:41:10,Success"
"csgo,""=HYPERLINK(""""https://buff.163.com/goods/928173?appid=730&game=csgo&classid=5327976266&instanceid=188530139&assetid=32373040712&contextid=2"""", """"Sticker | GamerLegion (Glitter) | Paris 2023"""")"",¥ 1,2023-08-14 18:41:10,Success"
"csgo,""=HYPERLINK(""""https://buff.163.com/goods/928173?appid=730&game=csgo&classid=5327976266&instanceid=188530139&assetid=32373040721&contextid=2"""", """"Sticker | GamerLegion (Glitter) | Paris 2023"""")"",¥ 1,2023-08-14 18:41:10,Success"
"csgo,""=HYPERLINK(""""https://buff.163.com/goods/928173?appid=730&game=csgo&classid=5327976266&instanceid=188530139&assetid=32373040741&contextid=2"""", """"Sticker | GamerLegion (Glitter) | Paris 2023"""")"",¥ 1,2023-08-14 18:41:10,Success"
"csgo,""=HYPERLINK(""""https://buff.163.com/goods/928196?appid=730&game=csgo&classid=5327976277&instanceid=188530139&assetid=32373027625&contextid=2"""", """"Sticker | paiN Gaming (Glitter) | Paris 2023"""")"",¥ 1.2,2023-08-14 11:37:08,Success"
"csgo,""=HYPERLINK(""""https://buff.163.com/goods/928196?appid=730&game=csgo&classid=5327976277&instanceid=188530139&assetid=32373027607&contextid=2"""", """"Sticker | paiN Gaming (Glitter) | Paris 2023"""")"",¥ 1.2,2023-08-14 11:37:08,Success"
"csgo,""=HYPERLINK(""""https://buff.163.com/goods/928196?appid=730&game=csgo&classid=5327976277&instanceid=188530139&assetid=32373027639&contextid=2"""", """"Sticker | paiN Gaming (Glitter) | Paris 2023"""")"",¥ 1.2,2023-08-14 11:37:08,Success"
"csgo,""=HYPERLINK(""""https://buff.163.com/goods/928196?appid=730&game=csgo&classid=5327976277&instanceid=188530139&assetid=32373027566&contextid=2"""", """"Sticker | paiN Gaming (Glitter) | Paris 2023"""")"",¥ 1.2,2023-08-14 11:37:08,Success"
"csgo,""=HYPERLINK(""""https://buff.163.com/goods/928196?appid=730&game=csgo&classid=5327976277&instanceid=188530139&assetid=32373027583&contextid=2"""", """"Sticker | paiN Gaming (Glitter) | Paris 2023"""")"",¥ 1.2,2023-08-14 11:37:08,Success"
"csgo,""=HYPERLINK(""""https://buff.163.com/goods/928196?appid=730&game=csgo&classid=5327976277&instanceid=188530139&assetid=32373027659&contextid=2"""", """"Sticker | paiN Gaming (Glitter) | Paris 2023"""")"",¥ 1.2,2023-08-14 11:37:08,Success"
"csgo,""=HYPERLINK(""""https://buff.163.com/goods/928196?appid=730&game=csgo&classid=5327976277&instanceid=188530139&assetid=32373027596&contextid=2"""", """"Sticker | paiN Gaming (Glitter) | Paris 2023"""")"",¥ 1.2,2023-08-14 11:37:08,Success"
"csgo,""=HYPERLINK(""""https://buff.163.com/goods/928196?appid=730&game=csgo&classid=5327976277&instanceid=188530139&assetid=32357669778&contextid=2"""", """"Sticker | paiN Gaming (Glitter) | Paris 2023"""")"",¥ 1.19,2023-08-14 01:37:28,Success"
"csgo,""=HYPERLINK(""""https://buff.163.com/goods/928196?appid=730&game=csgo&classid=5327976277&instanceid=188530139&assetid=32357607361&contextid=2"""", """"Sticker | paiN Gaming (Glitter) | Paris 2023"""")"",¥ 1.2,2023-08-14 01:33:59,Success"
"csgo,""=HYPERLINK(""""https://buff.163.com/goods/928196?appid=730&game=csgo&classid=5327976277&instanceid=188530139&assetid=32357594974&contextid=2"""", """"Sticker | paiN Gaming (Glitter) | Paris 2023"""")"",¥ 1.19,2023-08-14 01:33:44,Success"
"csgo,""=HYPERLINK(""""https://buff.163.com/goods/894132?appid=730&game=csgo&classid=4839650854&instanceid=188530139&assetid=32357867463&contextid=2"""", """"Sticker | Copenhagen Flames (Glitter) | Antwerp 2022"""")"",¥ 3.48,2023-08-14 01:31:17,Success"
"csgo,""=HYPERLINK(""""https://buff.163.com/goods/894132?appid=730&game=csgo&classid=4839650854&instanceid=188530139&assetid=32357867487&contextid=2"""", """"Sticker | Copenhagen Flames (Glitter) | Antwerp 2022"""")"",¥ 3.48,2023-08-14 01:31:05,Success"
"csgo,""=HYPERLINK(""""https://buff.163.com/goods/894132?appid=730&game=csgo&classid=4839650854&instanceid=188530139&assetid=32357867500&contextid=2"""", """"Sticker | Copenhagen Flames (Glitter) | Antwerp 2022"""")"",¥ 3.48,2023-08-14 01:30:53,Success"
"csgo,""=HYPERLINK(""""https://buff.163.com/goods/894132?appid=730&game=csgo&classid=4839650854&instanceid=188530139&assetid=32357867512&contextid=2"""", """"Sticker | Copenhagen Flames (Glitter) | Antwerp 2022"""")"",¥ 3.48,2023-08-14 01:30:47,Success"
"csgo,""=HYPERLINK(""""https://buff.163.com/goods/894132?appid=730&game=csgo&classid=4839650854&instanceid=188530139&assetid=32357867521&contextid=2"""", """"Sticker | Copenhagen Flames (Glitter) | Antwerp 2022"""")"",¥ 3.48,2023-08-14 01:30:39,Success"
"csgo,""=HYPERLINK(""""https://buff.163.com/goods/894139?appid=730&game=csgo&classid=5464534486&instanceid=188530139&assetid=32352254168&contextid=2"""", """"Sticker | Complexity Gaming (Glitter) | Antwerp 2022"""")"",¥ 4,2023-08-13 21:37:46,Success"
"csgo,""=HYPERLINK(""""https://buff.163.com/goods/894139?appid=730&game=csgo&classid=5464534486&instanceid=188530139&assetid=32352254222&contextid=2"""", """"Sticker | Complexity Gaming (Glitter) | Antwerp 2022"""")"",¥ 4,2023-08-13 21:37:46,Success"
"csgo,""=HYPERLINK(""""https://buff.163.com/goods/894139?appid=730&game=csgo&classid=5464534486&instanceid=188530139&assetid=32352254193&contextid=2"""", """"Sticker | Complexity Gaming (Glitter) | Antwerp 2022"""")"",¥ 4,2023-08-13 21:37:46,Success"
"csgo,""=HYPERLINK(""""https://buff.163.com/goods/894139?appid=730&game=csgo&classid=5464534486&instanceid=188530139&assetid=32352254202&contextid=2"""", """"Sticker | Complexity Gaming (Glitter) | Antwerp 2022"""")"",¥ 4,2023-08-13 21:37:46,Success"
"csgo,""=HYPERLINK(""""https://buff.163.com/goods/894139?appid=730&game=csgo&classid=5464534486&instanceid=188530139&assetid=32352254237&contextid=2"""", """"Sticker | Complexity Gaming (Glitter) | Antwerp 2022"""")"",¥ 4,2023-08-13 21:37:46,Success"
"csgo,""=HYPERLINK(""""https://buff.163.com/goods/35999?appid=730&game=csgo&classid=638243938&instanceid=480085569&assetid=32329029045&contextid=2"""", """"P250 | Cartel (Field-Tested)"""")"",¥ 25.6,2023-08-12 23:11:23,Success"
"csgo,""=HYPERLINK(""""https://buff.163.com/goods/847295?appid=730&game=csgo&classid=5459806680&instanceid=188530139&assetid=32271303281&contextid=2"""", """"Sticker | Evil Geniuses (Foil) | 2020 RMR"""")"",¥ 2.71,2023-08-10 22:37:04,Success"
"csgo,""=HYPERLINK(""""https://buff.163.com/goods/35033?appid=730&game=csgo&classid=5458201886&instanceid=188530139&assetid=32248425121&contextid=2"""", """"Glock-18 | Ironwork (Minimal Wear)"""")"",¥ 0.88,2023-08-10 02:34:08,Success"
"csgo,""=HYPERLINK(""""https://buff.163.com/goods/34921?appid=730&game=csgo&classid=4308426817&instanceid=188530139&assetid=32254818987&contextid=2"""", """"Galil AR | Firefight (Minimal Wear)"""")"",¥ 3.32,2023-08-10 01:43:25,Success"
"csgo,""=HYPERLINK(""""https://buff.163.com/goods/33878?appid=730&game=csgo&classid=5459002771&instanceid=188530139&assetid=32245517819&contextid=2"""", """"AK-47 | Cartel (Minimal Wear)"""")"",¥ 69.99,2023-08-10 00:21:41,Success"
"csgo,""=HYPERLINK(""""https://buff.163.com/goods/877133?appid=730&game=csgo&classid=4623940694&instanceid=188530139&assetid=32210810787&contextid=2"""", """"Souvenir SG 553 | Bleached (Field-Tested)"""")"",¥ 0.05,2023-08-08 20:15:26,Success"
"csgo,""=HYPERLINK(""""https://buff.163.com/goods/853089?appid=730&game=csgo&classid=5450618019&instanceid=188530139&assetid=32110189274&contextid=2"""", """"Sticker | Poorly Drawn IDF"""")"",¥ 1.04,2023-08-05 05:46:38,Success"
"csgo,""=HYPERLINK(""""https://buff.163.com/goods/869891?appid=730&game=csgo&classid=4566757307&instanceid=188530139&assetid=32112528572&contextid=2"""", """"Sticker | Retro Leet"""")"",¥ 0.3,2023-08-05 05:46:31,Success"
"csgo,""=HYPERLINK(""""https://buff.163.com/goods/35167?appid=730&game=csgo&classid=2623727582&instanceid=188530139&assetid=32106036696&contextid=2"""", """"M4A1-S | Basilisk (Minimal Wear)"""")"",¥ 30,2023-08-05 02:12:33,Success"
"csgo,""=HYPERLINK(""""https://buff.163.com/goods/928589?appid=730&game=csgo&classid=5448833896&instanceid=188530139&assetid=32067512561&contextid=2"""", """"Sticker | biguzera (Holo) | Paris 2023"""")"",¥ 2.9,2023-08-03 19:16:59,Success"
"csgo,""=HYPERLINK(""""https://buff.163.com/goods/773798?appid=730&game=csgo&classid=3574252261&instanceid=188530139&assetid=32060999544&contextid=2"""", """"★ Classic Knife | Forest DDPAT (Field-Tested)"""")"",¥ 876,2023-08-03 17:02:52,Success"
"csgo,""=HYPERLINK(""""https://buff.163.com/goods/857544?appid=730&game=csgo&classid=4428758297&instanceid=480085569&assetid=32060600343&contextid=2"""", """"P250 | Cyber Shell (Factory New)"""")"",¥ 6.7,2023-08-03 15:16:02,Success"
"csgo,""=HYPERLINK(""""https://buff.163.com/goods/894164?appid=730&game=csgo&classid=4839650796&instanceid=188530139&assetid=32032587868&contextid=2"""", """"Sticker | PGL (Glitter) | Antwerp 2022"""")"",¥ 1.8,2023-08-02 19:27:09,Success"
"csgo,""=HYPERLINK(""""https://buff.163.com/goods/894164?appid=730&game=csgo&classid=4839650796&instanceid=188530139&assetid=32032587946&contextid=2"""", """"Sticker | PGL (Glitter) | Antwerp 2022"""")"",¥ 1.8,2023-08-02 19:27:09,Success"
"csgo,""=HYPERLINK(""""https://buff.163.com/goods/894164?appid=730&game=csgo&classid=4839650796&instanceid=188530139&assetid=32032587854&contextid=2"""", """"Sticker | PGL (Glitter) | Antwerp 2022"""")"",¥ 1.8,2023-08-02 19:27:09,Success"
"csgo,""=HYPERLINK(""""https://buff.163.com/goods/894164?appid=730&game=csgo&classid=4839650796&instanceid=188530139&assetid=32032587967&contextid=2"""", """"Sticker | PGL (Glitter) | Antwerp 2022"""")"",¥ 1.8,2023-08-02 19:27:09,Success"
"csgo,""=HYPERLINK(""""https://buff.163.com/goods/894164?appid=730&game=csgo&classid=4839650796&instanceid=188530139&assetid=32032587896&contextid=2"""", """"Sticker | PGL (Glitter) | Antwerp 2022"""")"",¥ 1.8,2023-08-02 19:27:09,Success"
"csgo,""=HYPERLINK(""""https://buff.163.com/goods/894164?appid=730&game=csgo&classid=4839650796&instanceid=188530139&assetid=32032587807&contextid=2"""", """"Sticker | PGL (Glitter) | Antwerp 2022"""")"",¥ 1.8,2023-08-02 19:27:09,Success"
"csgo,""=HYPERLINK(""""https://buff.163.com/goods/894164?appid=730&game=csgo&classid=4839650796&instanceid=188530139&assetid=32032587881&contextid=2"""", """"Sticker | PGL (Glitter) | Antwerp 2022"""")"",¥ 1.8,2023-08-02 19:27:09,Success"
"csgo,""=HYPERLINK(""""https://buff.163.com/goods/894164?appid=730&game=csgo&classid=4839650796&instanceid=188530139&assetid=32032587797&contextid=2"""", """"Sticker | PGL (Glitter) | Antwerp 2022"""")"",¥ 1.8,2023-08-02 19:27:09,Success"
"csgo,""=HYPERLINK(""""https://buff.163.com/goods/894164?appid=730&game=csgo&classid=4839650796&instanceid=188530139&assetid=32032587926&contextid=2"""", """"Sticker | PGL (Glitter) | Antwerp 2022"""")"",¥ 1.8,2023-08-02 19:27:08,Success"
"csgo,""=HYPERLINK(""""https://buff.163.com/goods/894164?appid=730&game=csgo&classid=4839650796&instanceid=188530139&assetid=32032587823&contextid=2"""", """"Sticker | PGL (Glitter) | Antwerp 2022"""")"",¥ 1.8,2023-08-02 19:27:08,Success"
"csgo,""=HYPERLINK(""""https://buff.163.com/goods/928026?appid=730&game=csgo&classid=5327976105&instanceid=188530139&assetid=32030922499&contextid=2"""", """"Sticker | Fnatic (Glitter) | Paris 2023"""")"",¥ 1.8,2023-08-02 18:07:02,Success"
"csgo,""=HYPERLINK(""""https://buff.163.com/goods/928026?appid=730&game=csgo&classid=5447169353&instanceid=188530139&assetid=32029885593&contextid=2"""", """"Sticker | Fnatic (Glitter) | Paris 2023"""")"",¥ 1.8,2023-08-02 17:26:43,Success"
"csgo,""=HYPERLINK(""""https://buff.163.com/goods/928026?appid=730&game=csgo&classid=5327976105&instanceid=188530139&assetid=32029596522&contextid=2"""", """"Sticker | Fnatic (Glitter) | Paris 2023"""")"",¥ 1.8,2023-08-02 17:17:56,Success"
"csgo,""=HYPERLINK(""""https://buff.163.com/goods/928026?appid=730&game=csgo&classid=5327976105&instanceid=188530139&assetid=32029261206&contextid=2"""", """"Sticker | Fnatic (Glitter) | Paris 2023"""")"",¥ 1.8,2023-08-02 15:50:03,Success"
"csgo,""=HYPERLINK(""""https://buff.163.com/goods/928026?appid=730&game=csgo&classid=5327976105&instanceid=188530139&assetid=32029256378&contextid=2"""", """"Sticker | Fnatic (Glitter) | Paris 2023"""")"",¥ 1.8,2023-08-02 15:47:00,Success"
"csgo,""=HYPERLINK(""""https://buff.163.com/goods/928026?appid=730&game=csgo&classid=5327976105&instanceid=188530139&assetid=32029256789&contextid=2"""", """"Sticker | Fnatic (Glitter) | Paris 2023"""")"",¥ 1.8,2023-08-02 15:33:58,Success"
"csgo,""=HYPERLINK(""""https://buff.163.com/goods/928026?appid=730&game=csgo&classid=5327976105&instanceid=188530139&assetid=32029256799&contextid=2"""", """"Sticker | Fnatic (Glitter) | Paris 2023"""")"",¥ 1.8,2023-08-02 15:33:58,Success"
"csgo,""=HYPERLINK(""""https://buff.163.com/goods/928026?appid=730&game=csgo&classid=5327976105&instanceid=188530139&assetid=32029256949&contextid=2"""", """"Sticker | Fnatic (Glitter) | Paris 2023"""")"",¥ 1.8,2023-08-02 15:32:34,Success"
"csgo,""=HYPERLINK(""""https://buff.163.com/goods/928026?appid=730&game=csgo&classid=5327976105&instanceid=188530139&assetid=32029256913&contextid=2"""", """"Sticker | Fnatic (Glitter) | Paris 2023"""")"",¥ 1.8,2023-08-02 15:32:34,Success"
"csgo,""=HYPERLINK(""""https://buff.163.com/goods/928026?appid=730&game=csgo&classid=5327976105&instanceid=188530139&assetid=32029256924&contextid=2"""", """"Sticker | Fnatic (Glitter) | Paris 2023"""")"",¥ 1.8,2023-08-02 15:32:34,Success"
"csgo,""=HYPERLINK(""""https://buff.163.com/goods/927981?appid=730&game=csgo&classid=5327976260&instanceid=188530139&assetid=32029257132&contextid=2"""", """"Sticker | Natus Vincere (Glitter) | Paris 2023"""")"",¥ 1.4,2023-08-02 15:10:44,Success"
"csgo,""=HYPERLINK(""""https://buff.163.com/goods/927981?appid=730&game=csgo&classid=5327976260&instanceid=188530139&assetid=32029257143&contextid=2"""", """"Sticker | Natus Vincere (Glitter) | Paris 2023"""")"",¥ 1.4,2023-08-02 15:10:44,Success"
"csgo,""=HYPERLINK(""""https://buff.163.com/goods/927981?appid=730&game=csgo&classid=5327976260&instanceid=188530139&assetid=32029257095&contextid=2"""", """"Sticker | Natus Vincere (Glitter) | Paris 2023"""")"",¥ 1.4,2023-08-02 15:10:44,Success"
"csgo,""=HYPERLINK(""""https://buff.163.com/goods/927981?appid=730&game=csgo&classid=5327976260&instanceid=188530139&assetid=32029257169&contextid=2"""", """"Sticker | Natus Vincere (Glitter) | Paris 2023"""")"",¥ 1.4,2023-08-02 15:10:44,Success"
"csgo,""=HYPERLINK(""""https://buff.163.com/goods/927981?appid=730&game=csgo&classid=5327976260&instanceid=188530139&assetid=32029257189&contextid=2"""", """"Sticker | Natus Vincere (Glitter) | Paris 2023"""")"",¥ 1.4,2023-08-02 15:10:44,Success"
"csgo,""=HYPERLINK(""""https://buff.163.com/goods/927981?appid=730&game=csgo&classid=5327976260&instanceid=188530139&assetid=32029257204&contextid=2"""", """"Sticker | Natus Vincere (Glitter) | Paris 2023"""")"",¥ 1.4,2023-08-02 15:10:44,Success"
"csgo,""=HYPERLINK(""""https://buff.163.com/goods/927981?appid=730&game=csgo&classid=5327976260&instanceid=188530139&assetid=32029257158&contextid=2"""", """"Sticker | Natus Vincere (Glitter) | Paris 2023"""")"",¥ 1.4,2023-08-02 15:10:44,Success"
"csgo,""=HYPERLINK(""""https://buff.163.com/goods/927981?appid=730&game=csgo&classid=5327976260&instanceid=188530139&assetid=32029257110&contextid=2"""", """"Sticker | Natus Vincere (Glitter) | Paris 2023"""")"",¥ 1.4,2023-08-02 15:10:44,Success"
"csgo,""=HYPERLINK(""""https://buff.163.com/goods/927981?appid=730&game=csgo&classid=5327976260&instanceid=188530139&assetid=32029257121&contextid=2"""", """"Sticker | Natus Vincere (Glitter) | Paris 2023"""")"",¥ 1.4,2023-08-02 15:10:44,Success"
"csgo,""=HYPERLINK(""""https://buff.163.com/goods/927981?appid=730&game=csgo&classid=5327976260&instanceid=188530139&assetid=32029257464&contextid=2"""", """"Sticker | Natus Vincere (Glitter) | Paris 2023"""")"",¥ 1.4,2023-08-02 15:07:27,Success"
"csgo,""=HYPERLINK(""""https://buff.163.com/goods/928005?appid=730&game=csgo&classid=5327976276&instanceid=188530139&assetid=32029257377&contextid=2"""", """"Sticker | Monte (Glitter) | Paris 2023"""")"",¥ 2.5,2023-08-02 15:05:47,Success"
"csgo,""=HYPERLINK(""""https://buff.163.com/goods/928005?appid=730&game=csgo&classid=5327976276&instanceid=188530139&assetid=32029257621&contextid=2"""", """"Sticker | Monte (Glitter) | Paris 2023"""")"",¥ 2.5,2023-08-02 15:05:31,Success"
"csgo,""=HYPERLINK(""""https://buff.163.com/goods/928005?appid=730&game=csgo&classid=5327976276&instanceid=188530139&assetid=32029258106&contextid=2"""", """"Sticker | Monte (Glitter) | Paris 2023"""")"",¥ 2.5,2023-08-02 12:46:45,Success"
"csgo,""=HYPERLINK(""""https://buff.163.com/goods/928005?appid=730&game=csgo&classid=5327976276&instanceid=188530139&assetid=32029258600&contextid=2"""", """"Sticker | Monte (Glitter) | Paris 2023"""")"",¥ 2.5,2023-08-02 12:14:06,Success"
"csgo,""=HYPERLINK(""""https://buff.163.com/goods/928005?appid=730&game=csgo&classid=5327976276&instanceid=188530139&assetid=32029258851&contextid=2"""", """"Sticker | Monte (Glitter) | Paris 2023"""")"",¥ 2.5,2023-08-02 11:09:41,Success"
"csgo,""=HYPERLINK(""""https://buff.163.com/goods/928051?appid=730&game=csgo&classid=5327976259&instanceid=188530139&assetid=32018629675&contextid=2"""", """"Sticker | 9INE (Glitter) | Paris 2023"""")"",¥ 3.4,2023-08-02 08:51:26,Success"
"csgo,""=HYPERLINK(""""https://buff.163.com/goods/928051?appid=730&game=csgo&classid=5327976259&instanceid=188530139&assetid=32018629566&contextid=2"""", """"Sticker | 9INE (Glitter) | Paris 2023"""")"",¥ 3.4,2023-08-02 08:51:26,Success"
"csgo,""=HYPERLINK(""""https://buff.163.com/goods/928051?appid=730&game=csgo&classid=5327976259&instanceid=188530139&assetid=32018629731&contextid=2"""", """"Sticker | 9INE (Glitter) | Paris 2023"""")"",¥ 3.4,2023-08-02 08:51:26,Success"
"csgo,""=HYPERLINK(""""https://buff.163.com/goods/928051?appid=730&game=csgo&classid=5327976259&instanceid=188530139&assetid=32018629545&contextid=2"""", """"Sticker | 9INE (Glitter) | Paris 2023"""")"",¥ 3.4,2023-08-02 08:51:26,Success"
"csgo,""=HYPERLINK(""""https://buff.163.com/goods/928051?appid=730&game=csgo&classid=5327976259&instanceid=188530139&assetid=32018629697&contextid=2"""", """"Sticker | 9INE (Glitter) | Paris 2023"""")"",¥ 3.4,2023-08-02 08:51:26,Success"
"csgo,""=HYPERLINK(""""https://buff.163.com/goods/928051?appid=730&game=csgo&classid=5327976259&instanceid=188530139&assetid=32018629709&contextid=2"""", """"Sticker | 9INE (Glitter) | Paris 2023"""")"",¥ 3.4,2023-08-02 08:51:26,Success"
"csgo,""=HYPERLINK(""""https://buff.163.com/goods/928051?appid=730&game=csgo&classid=5327976259&instanceid=188530139&assetid=32018629685&contextid=2"""", """"Sticker | 9INE (Glitter) | Paris 2023"""")"",¥ 3.4,2023-08-02 08:51:26,Success"
"csgo,""=HYPERLINK(""""https://buff.163.com/goods/928051?appid=730&game=csgo&classid=5327976259&instanceid=188530139&assetid=32018629718&contextid=2"""", """"Sticker | 9INE (Glitter) | Paris 2023"""")"",¥ 3.4,2023-08-02 08:51:26,Success"
"csgo,""=HYPERLINK(""""https://buff.163.com/goods/928051?appid=730&game=csgo&classid=5327976259&instanceid=188530139&assetid=32018629559&contextid=2"""", """"Sticker | 9INE (Glitter) | Paris 2023"""")"",¥ 3.4,2023-08-02 08:51:25,Success"
"csgo,""=HYPERLINK(""""https://buff.163.com/goods/928051?appid=730&game=csgo&classid=5327976259&instanceid=188530139&assetid=32018629681&contextid=2"""", """"Sticker | 9INE (Glitter) | Paris 2023"""")"",¥ 3.4,2023-08-02 08:51:25,Success"
"csgo,""=HYPERLINK(""""https://buff.163.com/goods/894310?appid=730&game=csgo&classid=5444021251&instanceid=188530139&assetid=31976287372&contextid=2"""", """"Sticker | PGL (Holo) | Antwerp 2022"""")"",¥ 8.5,2023-07-31 10:30:19,Success"
"csgo,""=HYPERLINK(""""https://buff.163.com/goods/37618?appid=730&game=csgo&classid=6276445026&instanceid=6279146789&assetid=31919003680&contextid=2"""", """"Souvenir Five-SeveN | Contractor (Minimal Wear)"""")"",¥ 7,2023-07-29 10:32:44,Success"
"csgo,""=HYPERLINK(""""https://buff.163.com/goods/34906?appid=730&game=csgo&classid=4715543732&instanceid=480085569&assetid=31913239065&contextid=2"""", """"Galil AR | Chatterbox (Battle-Scarred)"""")"",¥ 32.1,2023-07-29 05:16:08,Success"
"csgo,""=HYPERLINK(""""https://buff.163.com/goods/33824?appid=730&game=csgo&classid=4841264602&instanceid=302028390&assetid=31850268006&contextid=2"""", """"MAC-10 | Silver (Factory New)"""")"",¥ 3,2023-07-26 21:16:51,Success"
"csgo,""=HYPERLINK(""""https://buff.163.com/goods/900493?appid=730&game=csgo&classid=4910471136&instanceid=188530139&assetid=31537821831&contextid=2"""", """"Glock-18 | Winterized (Field-Tested)"""")"",¥ 0.38,2023-07-14 05:48:54,Success"
"csgo,""=HYPERLINK(""""https://buff.163.com/goods/894181?appid=730&game=csgo&classid=4839650903&instanceid=188530139&assetid=31422378799&contextid=2"""", """"Sticker | 9z Team (Glitter) | Antwerp 2022"""")"",¥ 7,2023-07-09 18:09:47,Success"
"csgo,""=HYPERLINK(""""https://buff.163.com/goods/894181?appid=730&game=csgo&classid=4839650903&instanceid=188530139&assetid=31422346394&contextid=2"""", """"Sticker | 9z Team (Glitter) | Antwerp 2022"""")"",¥ 7,2023-07-09 15:56:37,Success"
"csgo,""=HYPERLINK(""""https://buff.163.com/goods/876856?appid=730&game=csgo&classid=4622695262&instanceid=188530139&assetid=31370092266&contextid=2"""", """"Souvenir MAG-7 | Navy Sheen (Field-Tested)"""")"",¥ 0.05,2023-07-07 22:44:15,Success"
"csgo,""=HYPERLINK(""""https://buff.163.com/goods/34502?appid=730&game=csgo&classid=310778648&instanceid=480085569&assetid=31363430182&contextid=2"""", """"Dual Berettas | Anodized Navy (Factory New)"""")"",¥ 8.12,2023-07-07 17:25:25,Success"
"csgo,""=HYPERLINK(""""https://buff.163.com/goods/927994?appid=730&game=csgo&classid=5316842945&instanceid=143865972&assetid=31363292270&contextid=2"""", """"Paris 2023 Challengers Sticker Capsule"""")"",¥ 1.47,2023-07-07 17:18:14,Success"
"csgo,""=HYPERLINK(""""https://buff.163.com/goods/927994?appid=730&game=csgo&classid=5316842945&instanceid=143865972&assetid=31363292254&contextid=2"""", """"Paris 2023 Challengers Sticker Capsule"""")"",¥ 1.47,2023-07-07 17:18:14,Success"
"csgo,""=HYPERLINK(""""https://buff.163.com/goods/927994?appid=730&game=csgo&classid=5316842945&instanceid=143865972&assetid=31363292293&contextid=2"""", """"Paris 2023 Challengers Sticker Capsule"""")"",¥ 1.47,2023-07-07 17:18:14,Success"
"csgo,""=HYPERLINK(""""https://buff.163.com/goods/927994?appid=730&game=csgo&classid=5316842945&instanceid=143865972&assetid=31363292282&contextid=2"""", """"Paris 2023 Challengers Sticker Capsule"""")"",¥ 1.47,2023-07-07 17:18:14,Success"
"csgo,""=HYPERLINK(""""https://buff.163.com/goods/927994?appid=730&game=csgo&classid=5316842945&instanceid=143865972&assetid=31363292264&contextid=2"""", """"Paris 2023 Challengers Sticker Capsule"""")"",¥ 1.47,2023-07-07 17:18:14,Success"
"csgo,""=HYPERLINK(""""https://buff.163.com/goods/927991?appid=730&game=csgo&classid=5316842946&instanceid=143865972&assetid=31363457493&contextid=2"""", """"Paris 2023 Contenders Sticker Capsule"""")"",¥ 1.7,2023-07-07 17:14:14,Success"
"csgo,""=HYPERLINK(""""https://buff.163.com/goods/927991?appid=730&game=csgo&classid=5316842946&instanceid=143865972&assetid=31363457463&contextid=2"""", """"Paris 2023 Contenders Sticker Capsule"""")"",¥ 1.7,2023-07-07 17:14:14,Success"
"csgo,""=HYPERLINK(""""https://buff.163.com/goods/927991?appid=730&game=csgo&classid=5316842946&instanceid=143865972&assetid=31363457472&contextid=2"""", """"Paris 2023 Contenders Sticker Capsule"""")"",¥ 1.7,2023-07-07 17:14:14,Success"
"csgo,""=HYPERLINK(""""https://buff.163.com/goods/927991?appid=730&game=csgo&classid=5316842946&instanceid=143865972&assetid=31363457440&contextid=2"""", """"Paris 2023 Contenders Sticker Capsule"""")"",¥ 1.7,2023-07-07 17:14:14,Success"
"csgo,""=HYPERLINK(""""https://buff.163.com/goods/927991?appid=730&game=csgo&classid=5316842946&instanceid=143865972&assetid=31363457449&contextid=2"""", """"Paris 2023 Contenders Sticker Capsule"""")"",¥ 1.7,2023-07-07 17:14:14,Success"
"csgo,""=HYPERLINK(""""https://buff.163.com/goods/927991?appid=730&game=csgo&classid=5407884452&instanceid=143865972&assetid=31363457488&contextid=2"""", """"Paris 2023 Contenders Sticker Capsule"""")"",¥ 1.7,2023-07-07 17:14:13,Success"
"csgo,""=HYPERLINK(""""https://buff.163.com/goods/927964?appid=730&game=csgo&classid=5316842944&instanceid=143865972&assetid=31363154201&contextid=2"""", """"Paris 2023 Legends Sticker Capsule"""")"",¥ 1.49,2023-07-07 17:10:22,Success"
"csgo,""=HYPERLINK(""""https://buff.163.com/goods/927964?appid=730&game=csgo&classid=5316842944&instanceid=143865972&assetid=31363199477&contextid=2"""", """"Paris 2023 Legends Sticker Capsule"""")"",¥ 1.49,2023-07-07 17:10:01,Success"
"csgo,""=HYPERLINK(""""https://buff.163.com/goods/927964?appid=730&game=csgo&classid=5316842944&instanceid=143865972&assetid=31363145067&contextid=2"""", """"Paris 2023 Legends Sticker Capsule"""")"",¥ 1.49,2023-07-07 17:09:38,Success"
"csgo,""=HYPERLINK(""""https://buff.163.com/goods/927964?appid=730&game=csgo&classid=5316842944&instanceid=143865972&assetid=31363330160&contextid=2"""", """"Paris 2023 Legends Sticker Capsule"""")"",¥ 1.49,2023-07-07 17:08:37,Success"
"csgo,""=HYPERLINK(""""https://buff.163.com/goods/927964?appid=730&game=csgo&classid=5316842944&instanceid=143865972&assetid=31363142801&contextid=2"""", """"Paris 2023 Legends Sticker Capsule"""")"",¥ 1.49,2023-07-07 17:07:47,Success"
"csgo,""=HYPERLINK(""""https://buff.163.com/goods/894179?appid=730&game=csgo&classid=4839650805&instanceid=188530139&assetid=31145805775&contextid=2"""", """"Sticker | Complexity Gaming | Antwerp 2022"""")"",¥ 0.2,2023-06-30 01:36:24,Success"
"csgo,""=HYPERLINK(""""https://buff.163.com/goods/894179?appid=730&game=csgo&classid=4839650805&instanceid=188530139&assetid=31145805791&contextid=2"""", """"Sticker | Complexity Gaming | Antwerp 2022"""")"",¥ 0.2,2023-06-30 01:36:16,Success"
"csgo,""=HYPERLINK(""""https://buff.163.com/goods/42007?appid=730&game=csgo&classid=1812817476&instanceid=188530139&assetid=31145955948&contextid=2"""", """"Tec-9 | Ice Cap (Field-Tested)"""")"",¥ 0.79,2023-06-30 01:34:15,Success"
"csgo,""=HYPERLINK(""""https://buff.163.com/goods/835545?appid=730&game=csgo&classid=4141779344&instanceid=519977179&assetid=31135675952&contextid=2"""", """"Sir Bloody Silent Darryl | The Professionals"""")"",¥ 81,2023-06-29 16:48:45,Success"
"csgo,""=HYPERLINK(""""https://buff.163.com/goods/33960?appid=730&game=csgo&classid=4327732037&instanceid=188530139&assetid=31130107906&contextid=2"""", """"AK-47 | Redline (Field-Tested)"""")"",¥ 124.99,2023-06-29 05:49:41,Success"
"csgo,""=HYPERLINK(""""https://buff.163.com/goods/894301?appid=730&game=csgo&classid=4839651065&instanceid=188530139&assetid=30978044453&contextid=2"""", """"Sticker | FalleN | Antwerp 2022"""")"",¥ 0.85,2023-06-24 04:47:27,Success"
"csgo,""=HYPERLINK(""""https://buff.163.com/goods/894336?appid=730&game=csgo&classid=4839650974&instanceid=188530139&assetid=30952217820&contextid=2"""", """"Sticker | Imperial Esports (Glitter) | Antwerp 2022"""")"",¥ 8,2023-06-23 20:06:30,Success"
"csgo,""=HYPERLINK(""""https://buff.163.com/goods/894336?appid=730&game=csgo&classid=4839650974&instanceid=188530139&assetid=30952217790&contextid=2"""", """"Sticker | Imperial Esports (Glitter) | Antwerp 2022"""")"",¥ 8,2023-06-23 20:06:30,Success"
"csgo,""=HYPERLINK(""""https://buff.163.com/goods/894336?appid=730&game=csgo&classid=4839650974&instanceid=188530139&assetid=30952217695&contextid=2"""", """"Sticker | Imperial Esports (Glitter) | Antwerp 2022"""")"",¥ 8,2023-06-23 20:06:30,Success"
"csgo,""=HYPERLINK(""""https://buff.163.com/goods/894071?appid=730&game=csgo&classid=4839650888&instanceid=188530139&assetid=30909183643&contextid=2"""", """"Sticker | Cloud9 (Glitter) | Antwerp 2022"""")"",¥ 12,2023-06-22 16:26:25,Success"
"csgo,""=HYPERLINK(""""https://buff.163.com/goods/894071?appid=730&game=csgo&classid=4839650888&instanceid=188530139&assetid=30909183658&contextid=2"""", """"Sticker | Cloud9 (Glitter) | Antwerp 2022"""")"",¥ 12,2023-06-22 16:26:25,Success"
"csgo,""=HYPERLINK(""""https://buff.163.com/goods/34392?appid=730&game=csgo&classid=4930676066&instanceid=188530139&assetid=30890432982&contextid=2"""", """"Desert Eagle | Bronze Deco (Factory New)"""")"",¥ 13.7,2023-06-21 01:51:34,Success"
"csgo,""=HYPERLINK(""""https://buff.163.com/goods/894234?appid=730&game=csgo&classid=4839650985&instanceid=188530139&assetid=30877820068&contextid=2"""", """"Sticker | Astralis (Glitter) | Antwerp 2022"""")"",¥ 2,2023-06-19 21:46:41,Success"
"csgo,""=HYPERLINK(""""https://buff.163.com/goods/894234?appid=730&game=csgo&classid=4839650985&instanceid=188530139&assetid=30877820088&contextid=2"""", """"Sticker | Astralis (Glitter) | Antwerp 2022"""")"",¥ 2,2023-06-19 21:46:41,Success"
"csgo,""=HYPERLINK(""""https://buff.163.com/goods/894234?appid=730&game=csgo&classid=4839650985&instanceid=188530139&assetid=30877820083&contextid=2"""", """"Sticker | Astralis (Glitter) | Antwerp 2022"""")"",¥ 2,2023-06-19 21:46:41,Success"
"csgo,""=HYPERLINK(""""https://buff.163.com/goods/894234?appid=730&game=csgo&classid=4839650985&instanceid=188530139&assetid=30877820128&contextid=2"""", """"Sticker | Astralis (Glitter) | Antwerp 2022"""")"",¥ 2,2023-06-19 21:46:41,Success"
"csgo,""=HYPERLINK(""""https://buff.163.com/goods/894234?appid=730&game=csgo&classid=4839650985&instanceid=188530139&assetid=30877820103&contextid=2"""", """"Sticker | Astralis (Glitter) | Antwerp 2022"""")"",¥ 2,2023-06-19 21:46:41,Success"
"csgo,""=HYPERLINK(""""https://buff.163.com/goods/894234?appid=730&game=csgo&classid=4839650985&instanceid=188530139&assetid=30877820063&contextid=2"""", """"Sticker | Astralis (Glitter) | Antwerp 2022"""")"",¥ 2,2023-06-19 21:46:41,Success"
"csgo,""=HYPERLINK(""""https://buff.163.com/goods/894234?appid=730&game=csgo&classid=4839650985&instanceid=188530139&assetid=30877820122&contextid=2"""", """"Sticker | Astralis (Glitter) | Antwerp 2022"""")"",¥ 2,2023-06-19 21:46:41,Success"
"csgo,""=HYPERLINK(""""https://buff.163.com/goods/894234?appid=730&game=csgo&classid=4839650985&instanceid=188530139&assetid=30877820100&contextid=2"""", """"Sticker | Astralis (Glitter) | Antwerp 2022"""")"",¥ 2,2023-06-19 21:46:41,Success"
"csgo,""=HYPERLINK(""""https://buff.163.com/goods/894234?appid=730&game=csgo&classid=4839650985&instanceid=188530139&assetid=30877820076&contextid=2"""", """"Sticker | Astralis (Glitter) | Antwerp 2022"""")"",¥ 2,2023-06-19 21:46:41,Success"
"csgo,""=HYPERLINK(""""https://buff.163.com/goods/894234?appid=730&game=csgo&classid=4839650985&instanceid=188530139&assetid=30877820109&contextid=2"""", """"Sticker | Astralis (Glitter) | Antwerp 2022"""")"",¥ 2,2023-06-19 21:46:41,Success"
"csgo,""=HYPERLINK(""""https://buff.163.com/goods/781534?appid=730&game=csgo&classid=3946324730&instanceid=0&assetid=30841686249&contextid=2"""", """"Fracture Case"""")"",¥ 3.86,2023-06-16 17:34:34,Success"
"csgo,""=HYPERLINK(""""https://buff.163.com/goods/894079?appid=730&game=csgo&classid=5376852872&instanceid=188530139&assetid=30838510618&contextid=2"""", """"Sticker | Imperial Esports | Antwerp 2022"""")"",¥ 0.8,2023-06-16 05:17:48,Success"
"csgo,""=HYPERLINK(""""https://buff.163.com/goods/894079?appid=730&game=csgo&classid=5376852872&instanceid=188530139&assetid=30838494688&contextid=2"""", """"Sticker | Imperial Esports | Antwerp 2022"""")"",¥ 0.8,2023-06-16 05:17:32,Success"
"csgo,""=HYPERLINK(""""https://buff.163.com/goods/894079?appid=730&game=csgo&classid=5376852872&instanceid=188530139&assetid=30837738981&contextid=2"""", """"Sticker | Imperial Esports | Antwerp 2022"""")"",¥ 0.8,2023-06-16 05:17:17,Success"
"csgo,""=HYPERLINK(""""https://buff.163.com/goods/928589?appid=730&game=csgo&classid=5327981771&instanceid=188530139&assetid=30836541640&contextid=2"""", """"Sticker | biguzera (Holo) | Paris 2023"""")"",¥ 4.4,2023-06-16 04:42:52,Success"
"csgo,""=HYPERLINK(""""https://buff.163.com/goods/928589?appid=730&game=csgo&classid=5327981771&instanceid=188530139&assetid=30836541634&contextid=2"""", """"Sticker | biguzera (Holo) | Paris 2023"""")"",¥ 4.4,2023-06-16 04:42:37,Success"
"csgo,""=HYPERLINK(""""https://buff.163.com/goods/928589?appid=730&game=csgo&classid=5327981771&instanceid=188530139&assetid=30837174987&contextid=2"""", """"Sticker | biguzera (Holo) | Paris 2023"""")"",¥ 4.4,2023-06-16 04:42:20,Success"
"csgo,""=HYPERLINK(""""https://buff.163.com/goods/871580?appid=730&game=csgo&classid=5376878249&instanceid=519977179&assetid=30830938403&contextid=2"""", """"Glock-18 | Red Tire (Factory New)"""")"",¥ 14.17,2023-06-15 20:07:56,Success"
"csgo,""=HYPERLINK(""""https://buff.163.com/goods/36526?appid=730&game=csgo&classid=5375600613&instanceid=480085569&assetid=30825397581&contextid=2"""", """"SSG 08 | Acid Fade (Factory New)"""")"",¥ 13.9,2023-06-15 04:56:36,Success"
"csgo,""=HYPERLINK(""""https://buff.163.com/goods/35245?appid=730&game=csgo&classid=3636302492&instanceid=480085569&assetid=30774540516&contextid=2"""", """"M4A1-S | Nitro (Minimal Wear)"""")"",¥ 20,2023-06-11 04:58:43,Success"
"csgo,""=HYPERLINK(""""https://buff.163.com/goods/876854?appid=730&game=csgo&classid=5334653314&instanceid=188530139&assetid=30750023918&contextid=2"""", """"Souvenir FAMAS | CaliCamo (Factory New)"""")"",¥ 1,2023-06-09 18:58:54,Success"
"csgo,""=HYPERLINK(""""https://buff.163.com/goods/774706?appid=730&game=csgo&classid=3608084295&instanceid=519977179&assetid=30735977873&contextid=2"""", """"3rd Commando Company | KSK"""")"",¥ 24,2023-06-08 20:27:31,Success"
"csgo,""=HYPERLINK(""""https://buff.163.com/goods/776400?appid=730&game=csgo&classid=4142039938&instanceid=188530139&assetid=30665964875&contextid=2"""", """"★ Survival Knife | Forest DDPAT (Field-Tested)"""")"",¥ 760,2023-06-03 22:11:17,Success"
"csgo,""=HYPERLINK(""""https://buff.163.com/goods/763301?appid=730&game=csgo&classid=4917593625&instanceid=480085569&assetid=30649016810&contextid=2"""", """"MAC-10 | Pipe Down (Field-Tested)"""")"",¥ 2.99,2023-06-02 20:40:31,Success"
"csgo,""=HYPERLINK(""""https://buff.163.com/goods/35169?appid=730&game=csgo&classid=5356615408&instanceid=188530139&assetid=30610060699&contextid=2"""", """"M4A1-S | Blood Tiger (Factory New)"""")"",¥ 33.33,2023-05-31 05:11:00,Success"
"csgo,""=HYPERLINK(""""https://buff.163.com/goods/871355?appid=730&game=csgo&classid=4954550020&instanceid=480085569&assetid=30605533219&contextid=2"""", """"USP-S | Purple DDPAT (Minimal Wear)"""")"",¥ 79,2023-05-31 01:18:18,Success"
"csgo,""=HYPERLINK(""""https://buff.163.com/goods/894095?appid=730&game=csgo&classid=4832116101&instanceid=143865972&assetid=30502643439&contextid=2"""", """"Antwerp 2022 Contenders Sticker Capsule"""")"",¥ 2.43,2023-05-24 16:53:19,Success"
"csgo,""=HYPERLINK(""""https://buff.163.com/goods/894095?appid=730&game=csgo&classid=4832116101&instanceid=143865972&assetid=30502644093&contextid=2"""", """"Antwerp 2022 Contenders Sticker Capsule"""")"",¥ 2.43,2023-05-24 16:53:05,Success"
"csgo,""=HYPERLINK(""""https://buff.163.com/goods/869891?appid=730&game=csgo&classid=4566757307&instanceid=188530139&assetid=30367093901&contextid=2"""", """"Sticker | Retro Leet"""")"",¥ 0.25,2023-05-16 17:00:03,Success"
"csgo,""=HYPERLINK(""""https://buff.163.com/goods/869891?appid=730&game=csgo&classid=4566757307&instanceid=188530139&assetid=30367093895&contextid=2"""", """"Sticker | Retro Leet"""")"",¥ 0.25,2023-05-16 16:59:48,Success"
"csgo,""=HYPERLINK(""""https://buff.163.com/goods/45383?appid=730&game=csgo&classid=2735406751&instanceid=188530139&assetid=30362955492&contextid=2"""", """"Five-SeveN | Flame Test (Factory New)"""")"",¥ 1.59,2023-05-16 16:51:49,Success"
"csgo,""=HYPERLINK(""""https://buff.163.com/goods/778625?appid=730&game=csgo&classid=5332661914&instanceid=188530139&assetid=30356190837&contextid=2"""", """"Patch | Bloodhound"""")"",¥ 1.35,2023-05-16 06:24:24,Success"
"csgo,""=HYPERLINK(""""https://buff.163.com/goods/871595?appid=730&game=csgo&classid=4578725770&instanceid=519977179&assetid=30356414406&contextid=2"""", """"Trapper Aggressor | Guerrilla Warfare"""")"",¥ 35.4,2023-05-16 06:13:34,Success"
"csgo,""=HYPERLINK(""""https://buff.163.com/goods/871886?appid=730&game=csgo&classid=4578725688&instanceid=519977179&assetid=30355239889&contextid=2"""", """"Lieutenant 'Tree Hugger' Farlow | SWAT"""")"",¥ 34.8,2023-05-16 05:58:57,Success"
"csgo,""=HYPERLINK(""""https://buff.163.com/goods/34118?appid=730&game=csgo&classid=5268158059&instanceid=519977179&assetid=30320933847&contextid=2"""", """"AWP | Pink DDPAT (Field-Tested)"""")"",¥ 178,2023-05-14 08:12:25,Success"
"csgo,""=HYPERLINK(""""https://buff.163.com/goods/921441?appid=730&game=csgo&classid=5199656195&instanceid=188530139&assetid=30299588388&contextid=2"""", """"Tec-9 | Rebel (Well-Worn)"""")"",¥ 1.01,2023-05-13 07:27:25,Success"
"csgo,""=HYPERLINK(""""https://buff.163.com/goods/778618?appid=730&game=csgo&classid=5323736489&instanceid=188530139&assetid=30228651650&contextid=2"""", """"Patch | Payback"""")"",¥ 0.92,2023-05-09 17:27:26,Success"
"csgo,""=HYPERLINK(""""https://buff.163.com/goods/871112?appid=730&game=csgo&classid=4578724095&instanceid=519977179&assetid=30216875365&contextid=2"""", """"R8 Revolver | Blaze (Factory New)"""")"",¥ 15.25,2023-05-09 01:26:23,Success"
"csgo,""=HYPERLINK(""""https://buff.163.com/goods/35984?appid=730&game=csgo&classid=5320670523&instanceid=188530139&assetid=30200921744&contextid=2"""", """"P250 | Asiimov (Battle-Scarred)"""")"",¥ 13.9,2023-05-08 07:45:10,Success"
"csgo,""=HYPERLINK(""""https://buff.163.com/goods/762155?appid=730&game=csgo&classid=4970951582&instanceid=302028390&assetid=30199110793&contextid=2"""", """"SSG 08 | Hand Brake (Field-Tested)"""")"",¥ 7.5,2023-05-08 05:31:52,Success"
"csgo,""=HYPERLINK(""""https://buff.163.com/goods/927345?appid=730&game=csgo&classid=5319051908&instanceid=188530139&assetid=30168525687&contextid=2"""", """"USP-S | Desert Tactical (Minimal Wear)"""")"",¥ 4.26,2023-05-06 22:21:45,Success"
"csgo,""=HYPERLINK(""""https://buff.163.com/goods/34394?appid=730&game=csgo&classid=5315763380&instanceid=188530139&assetid=30096059872&contextid=2"""", """"Desert Eagle | Bronze Deco (Minimal Wear)"""")"",¥ 5.3,2023-05-04 20:33:14,Success"
"csgo,""=HYPERLINK(""""https://buff.163.com/goods/873651?appid=730&game=csgo&classid=4597425511&instanceid=143865972&assetid=30086655472&contextid=2"""", """"Music Kit | bbno$, u mad!"""")"",¥ 27.03,2023-05-04 07:06:50,Success"
"csgo,""=HYPERLINK(""""https://buff.163.com/goods/835595?appid=730&game=csgo&classid=5315836806&instanceid=480085569&assetid=30090890688&contextid=2"""", """"M4A4 | Global Offensive (Factory New)"""")"",¥ 75.79,2023-05-04 06:30:38,Success"
"csgo,""=HYPERLINK(""""https://buff.163.com/goods/42650?appid=730&game=csgo&classid=5189763800&instanceid=188530139&assetid=30086271996&contextid=2"""", """"★ Falchion Knife | Rust Coat (Battle-Scarred)"""")"",¥ 799,2023-05-04 06:24:19,Success"
